participant.id_in_session,participant.code,participant.label,participant._is_bot,participant._index_in_pages,participant._max_page_index,participant._current_app_name,participant._current_page_name,participant.ip_address,participant.time_started,participant.visited,participant.mturk_worker_id,participant.mturk_assignment_id,participant.payoff,player.id_in_group,player.cash,player.delta_cash,player.n_a,player.t_a,player.bida,player.nbida,player.naska,player.aska,player.di_a,player.n_b,player.t_b,player.bidb,player.nbidb,player.naskb,player.askb,player.di_b,player.n_c,player.t_c,player.bidc,player.nbidc,player.naskc,player.askc,player.di_c,player.cum_payoff,player.cum_payoff_topay,player.pay_display,player.payoff,group.id_in_subsession,group.nav_a,group.nav_b,group.nav,group.p_a,group.q_a,group.d_a,group.p_b,group.q_b,group.d_b,group.p_c,group.q_c,group.d_c,subsession.round_number,subsession.ronda,session.code
1,cvcm3gz2,,0,184,183,etfs,Adios,128.200.135.218,2019-01-25 19:31:35.471233+00:00,1,,,713,1,440,-40,8,0,10,2,0,0,8,2,0,0,0,0,0,-2,0,2,20,5,0,0,0,6,0,6,0,1,12,15,27,12,3,1,15,2,-1,20,2,0,1,1,h8jbztbi
2,5p5d3wun,,0,184,183,etfs,Adios,128.200.135.212,2019-01-25 19:31:36.059922+00:00,1,,,573,2,440,0,8,0,0,0,5,30,8,2,0,0,0,0,0,-2,0,0,0,0,0,0,0,6,0,6,0,1,12,15,27,12,3,1,15,2,-1,20,2,0,1,1,h8jbztbi
3,5sfkbrax,,0,184,183,etfs,Adios,128.200.135.214,2019-01-25 19:31:36.287112+00:00,1,,,682,3,440,0,8,0,8,5,2,12,8,2,0,0,0,0,0,-2,0,0,2,23,0,0,0,6,0,6,0,1,12,15,27,12,3,1,15,2,-1,20,2,0,1,1,h8jbztbi
4,66ndl6wq,,0,184,183,etfs,Adios,128.200.135.216,2019-01-25 19:31:39.734961+00:00,1,,,540,4,396,12,2,-1,9,1,1,12,1,8,0,9,3,3,40,-8,0,0,15,1,0,0,0,-7,0,-7,0,1,12,15,27,12,3,1,15,2,-1,20,2,0,1,1,h8jbztbi
5,qto5fhjj,,0,184,183,etfs,Adios,128.200.135.206,2019-01-25 19:31:40.789696+00:00,1,,,422,5,396,54,2,-2,3,3,2,2,0,8,-2,0,0,2,3,-6,0,0,17,20,0,0,0,-6,0,-6,0,1,12,15,27,12,3,1,15,2,-1,20,2,0,1,1,h8jbztbi
6,prd4jg1a,,0,184,183,etfs,Adios,128.200.135.201,2019-01-25 19:31:40.892420+00:00,1,,,589,6,396,0,2,0,8,4,1,30,2,8,0,0,0,4,30,-8,0,0,15,2,0,0,0,-6,0,-6,0,1,12,15,27,12,3,1,15,2,-1,20,2,0,1,1,h8jbztbi
7,roycq20l,,0,184,183,etfs,Adios,128.200.135.199,2019-01-25 19:31:41.653346+00:00,1,,,546,7,280,40,0,0,2,2,0,0,0,0,0,2,2,0,0,0,10,-2,2,2,2,4,0,0,0,0,0,1,12,15,27,12,3,1,15,2,-1,20,2,0,1,1,h8jbztbi
8,sp2tp47u,,0,184,183,etfs,Adios,128.200.135.209,2019-01-25 19:31:47.045126+00:00,1,,,497,8,280,0,0,0,0,0,0,0,0,0,0,10,10,0,0,0,10,0,5,10,0,0,0,0,0,0,0,1,12,15,27,12,3,1,15,2,-1,20,2,0,1,1,h8jbztbi
9,ito06f9g,,0,184,183,etfs,Adios,128.200.135.208,2019-01-25 19:31:50.274960+00:00,1,,,595,9,280,-66,0,3,15,3,0,0,3,0,2,15,3,0,0,-2,10,0,0,0,0,0,0,1,0,1,0,1,12,15,27,12,3,1,15,2,-1,20,2,0,1,1,h8jbztbi
1,cvcm3gz2,,0,184,183,etfs,Adios,128.200.135.218,2019-01-25 19:31:35.471233+00:00,1,,,713,1,400,0,8,0,12,2,0,0,-8,2,0,14,2,0,0,-2,2,0,18,2,0,0,-4,-8,0,-14,0,1,15,15,30,15,4,-1,0,0,-1,25,2,-2,2,2,h8jbztbi
2,5p5d3wun,,0,184,183,etfs,Adios,128.200.135.212,2019-01-25 19:31:36.059922+00:00,1,,,573,2,440,0,8,0,0,0,3,20,-8,2,0,0,0,0,0,-2,0,0,0,0,0,0,0,-4,0,-10,0,1,15,15,30,15,4,-1,0,0,-1,25,2,-2,2,2,h8jbztbi
3,5sfkbrax,,0,184,183,etfs,Adios,128.200.135.214,2019-01-25 19:31:36.287112+00:00,1,,,682,3,440,45,8,-3,8,5,3,11,-5,2,0,15,3,0,0,-2,0,0,20,5,0,0,0,-1,0,-7,0,1,15,15,30,15,4,-1,0,0,-1,25,2,-2,2,2,h8jbztbi
4,66ndl6wq,,0,184,183,etfs,Adios,128.200.135.216,2019-01-25 19:31:39.734961+00:00,1,,,540,4,408,-80,1,2,15,2,0,0,-3,8,0,15,2,2,25,-8,0,2,35,2,0,0,-4,-22,0,-15,0,1,15,15,30,15,4,-1,0,0,-1,25,2,-2,2,2,h8jbztbi
5,qto5fhjj,,0,184,183,etfs,Adios,128.200.135.206,2019-01-25 19:31:40.789696+00:00,1,,,422,5,450,0,0,0,12,3,0,0,0,6,0,15,2,0,0,-6,0,0,20,2,0,0,0,-12,0,-6,0,1,15,15,30,15,4,-1,0,0,-1,25,2,-2,2,2,h8jbztbi
6,prd4jg1a,,0,184,183,etfs,Adios,128.200.135.201,2019-01-25 19:31:40.892420+00:00,1,,,589,6,396,15,2,-1,10,1,1,13,-1,8,0,16,3,2,25,-8,0,0,21,3,0,0,0,-15,0,-9,0,1,15,15,30,15,4,-1,0,0,-1,25,2,-2,2,2,h8jbztbi
7,roycq20l,,0,184,183,etfs,Adios,128.200.135.199,2019-01-25 19:31:41.653346+00:00,1,,,546,7,320,0,0,0,5,2,0,0,0,0,0,5,2,0,0,0,8,0,2,2,0,0,-16,-16,0,-16,0,1,15,15,30,15,4,-1,0,0,-1,25,2,-2,2,2,h8jbztbi
8,sp2tp47u,,0,184,183,etfs,Adios,128.200.135.209,2019-01-25 19:31:47.045126+00:00,1,,,497,8,280,0,0,0,0,0,0,0,0,0,0,0,0,0,0,0,10,0,20,10,0,0,-20,-20,0,-20,0,1,15,15,30,15,4,-1,0,0,-1,25,2,-2,2,2,h8jbztbi
9,ito06f9g,,0,184,183,etfs,Adios,128.200.135.208,2019-01-25 19:31:50.274960+00:00,1,,,595,9,214,20,3,2,15,3,0,0,-5,2,0,15,3,0,0,-2,10,-2,0,0,3,25,-16,-22,0,-23,0,1,15,15,30,15,4,-1,0,0,-1,25,2,-2,2,2,h8jbztbi
1,cvcm3gz2,,0,184,183,etfs,Adios,128.200.135.218,2019-01-25 19:31:35.471233+00:00,1,,,713,1,400,-1,8,-3,0,0,3,17,-5,2,0,2,17,0,0,-2,2,2,27,2,0,0,-8,-23,0,-15,0,1,17,17.5,34.5,17,8,-1,17.5,4,-1,26,5,-2,3,3,h8jbztbi
2,5p5d3wun,,0,184,183,etfs,Adios,128.200.135.212,2019-01-25 19:31:36.059922+00:00,1,,,573,2,440,120,8,-5,0,0,5,15,-3,2,-2,0,0,2,15,0,0,0,0,0,0,0,0,-7,0,-3,0,1,17,17.5,34.5,17,8,-1,17.5,4,-1,26,5,-2,3,3,h8jbztbi
3,5sfkbrax,,0,184,183,etfs,Adios,128.200.135.214,2019-01-25 19:31:36.287112+00:00,1,,,682,3,485,0,5,0,8,2,0,0,-5,2,0,16,5,2,18,-2,0,0,20,2,0,0,0,-8,0,-7,0,1,17,17.5,34.5,17,8,-1,17.5,4,-1,26,5,-2,3,3,h8jbztbi
4,66ndl6wq,,0,184,183,etfs,Adios,128.200.135.216,2019-01-25 19:31:39.734961+00:00,1,,,540,4,328,-25,3,3,25,3,2,25,-6,8,0,9,1,4,50,-8,2,-1,15,1,1,25,-2,-38,0,-16,0,1,17,17.5,34.5,17,8,-1,17.5,4,-1,26,5,-2,3,3,h8jbztbi
5,qto5fhjj,,0,184,183,etfs,Adios,128.200.135.206,2019-01-25 19:31:40.789696+00:00,1,,,422,5,450,-181,0,4,18,4,0,0,-4,6,2,20,4,2,10,-8,0,3,30,3,0,0,-6,-30,0,-18,0,1,17,17.5,34.5,17,8,-1,17.5,4,-1,26,5,-2,3,3,h8jbztbi
6,prd4jg1a,,0,184,183,etfs,Adios,128.200.135.201,2019-01-25 19:31:40.892420+00:00,1,,,589,6,411,0,1,0,9,5,1,18,-1,8,0,15,4,0,0,-8,0,0,25,4,0,0,0,-24,0,-9,0,1,17,17.5,34.5,17,8,-1,17.5,4,-1,26,5,-2,3,3,h8jbztbi
7,roycq20l,,0,184,183,etfs,Adios,128.200.135.199,2019-01-25 19:31:41.653346+00:00,1,,,546,7,320,26,0,0,7,2,0,0,0,0,0,7,2,0,0,0,8,-1,0,0,1,2,-14,-30,0,-14,0,1,17,17.5,34.5,17,8,-1,17.5,4,-1,26,5,-2,3,3,h8jbztbi
8,sp2tp47u,,0,184,183,etfs,Adios,128.200.135.209,2019-01-25 19:31:47.045126+00:00,1,,,497,8,280,0,0,0,0,0,0,0,0,0,0,13,10,0,0,0,10,0,0,0,10,28,-20,-40,0,-20,0,1,17,17.5,34.5,17,8,-1,17.5,4,-1,26,5,-2,3,3,h8jbztbi
9,ito06f9g,,0,184,183,etfs,Adios,128.200.135.208,2019-01-25 19:31:50.274960+00:00,1,,,595,9,234,61,5,1,17,3,0,0,-6,2,0,17,3,0,0,-2,8,-3,0,0,3,25,-10,-40,0,-18,0,1,17,17.5,34.5,17,8,-1,17.5,4,-1,26,5,-2,3,3,h8jbztbi
1,cvcm3gz2,,0,184,183,etfs,Adios,128.200.135.218,2019-01-25 19:31:35.471233+00:00,1,,,713,1,399,-195,5,2,19,2,0,0,-7,2,7,20,7,0,0,9,4,1,27.5,1,0,0,0,-21,0,2,0,1,15,20,35,15,3,-1,20,7,1,25,5,0,4,4,h8jbztbi
2,5p5d3wun,,0,184,183,etfs,Adios,128.200.135.212,2019-01-25 19:31:36.059922+00:00,1,,,573,2,560,0,3,0,0,0,3,17,-3,0,0,0,0,0,0,0,0,0,0,0,0,0,0,-10,0,-3,0,1,15,20,35,15,3,-1,20,7,1,25,5,0,4,4,h8jbztbi
3,5sfkbrax,,0,184,183,etfs,Adios,128.200.135.214,2019-01-25 19:31:36.287112+00:00,1,,,682,3,485,0,5,0,10,5,5,15,-5,2,0,15,3,0,0,2,0,0,22,5,0,0,0,-11,0,-3,0,1,15,20,35,15,3,-1,20,7,1,25,5,0,4,4,h8jbztbi
4,66ndl6wq,,0,184,183,etfs,Adios,128.200.135.216,2019-01-25 19:31:39.734961+00:00,1,,,540,4,303,20,6,0,10,1,1,20,-6,8,-1,9,1,1,20,7,1,0,19,1,1,28,0,-37,0,1,0,1,15,20,35,15,3,-1,20,7,1,25,5,0,4,4,h8jbztbi
5,qto5fhjj,,0,184,183,etfs,Adios,128.200.135.206,2019-01-25 19:31:40.789696+00:00,1,,,422,5,269,150,4,-3,0,0,3,15,-1,8,-4,0,0,4,15,4,3,-1,0,0,1,20,0,-27,0,3,0,1,15,20,35,15,3,-1,20,7,1,25,5,0,4,4,h8jbztbi
6,prd4jg1a,,0,184,183,etfs,Adios,128.200.135.201,2019-01-25 19:31:40.892420+00:00,1,,,589,6,411,-50,1,0,9.5,5,1,20,-1,8,0,17,2,5,25,8,0,2,27,2,0,0,0,-17,0,7,0,1,15,20,35,15,3,-1,20,7,1,25,5,0,4,4,h8jbztbi
7,roycq20l,,0,184,183,etfs,Adios,128.200.135.199,2019-01-25 19:31:41.653346+00:00,1,,,546,7,346,35,0,1,15,1,0,0,-1,0,0,15,1,0,0,0,7,-2,0,0,2,2,0,-31,0,-1,0,1,15,20,35,15,3,-1,20,7,1,25,5,0,4,4,h8jbztbi
8,sp2tp47u,,0,184,183,etfs,Adios,128.200.135.209,2019-01-25 19:31:47.045126+00:00,1,,,497,8,280,-50,0,0,0,0,0,0,0,0,0,16,5,0,0,0,10,2,25,5,0,0,0,-40,0,0,0,1,15,20,35,15,3,-1,20,7,1,25,5,0,4,4,h8jbztbi
9,ito06f9g,,0,184,183,etfs,Adios,128.200.135.208,2019-01-25 19:31:50.274960+00:00,1,,,595,9,295,90,6,0,0,0,3,16,-6,2,-2,0,0,2,16,0,5,-2,0,0,2,25,0,-46,0,-6,0,1,15,20,35,15,3,-1,20,7,1,25,5,0,4,4,h8jbztbi
1,cvcm3gz2,,0,184,183,etfs,Adios,128.200.135.218,2019-01-25 19:31:35.471233+00:00,1,,,713,1,204,-104,7,0,0,0,0,0,7,9,0,0,0,0,0,9,5,4,26,5,0,0,18,13,0,34,0,1,14,19,33,14,2,1,19,4,1,26,4,2,5,5,h8jbztbi
2,5p5d3wun,,0,184,183,etfs,Adios,128.200.135.212,2019-01-25 19:31:36.059922+00:00,1,,,573,2,560,0,3,0,0,0,3,15,3,0,0,0,0,0,0,0,0,0,0,0,0,0,0,-7,0,3,0,1,14,19,33,14,2,1,19,4,1,26,4,2,5,5,h8jbztbi
3,5sfkbrax,,0,184,183,etfs,Adios,128.200.135.214,2019-01-25 19:31:36.287112+00:00,1,,,682,3,485,-9,5,2,15,2,2,15,7,2,-1,0,0,2,19,1,0,0,26,2,0,0,0,-3,0,8,0,1,14,19,33,14,2,1,19,4,1,26,4,2,5,5,h8jbztbi
4,66ndl6wq,,0,184,183,etfs,Adios,128.200.135.216,2019-01-25 19:31:39.734961+00:00,1,,,540,4,323,0,6,0,11,1,2,20,6,7,0,11,1,2,22,7,1,0,15,2,1,30,2,-22,0,15,0,1,14,19,33,14,2,1,19,4,1,26,4,2,5,5,h8jbztbi
5,qto5fhjj,,0,184,183,etfs,Adios,128.200.135.206,2019-01-25 19:31:40.789696+00:00,1,,,422,5,419,97,1,-1,0,0,1,3,0,4,-3,0,0,3,8,1,2,-1,0,0,1,4,2,-24,0,3,0,1,14,19,33,14,2,1,19,4,1,26,4,2,5,5,h8jbztbi
6,prd4jg1a,,0,184,183,etfs,Adios,128.200.135.201,2019-01-25 19:31:40.892420+00:00,1,,,589,6,361,14,1,-1,9,2,1,13,0,8,0,18,3,2,25,8,2,0,24,2,0,0,4,-5,0,12,0,1,14,19,33,14,2,1,19,4,1,26,4,2,5,5,h8jbztbi
7,roycq20l,,0,184,183,etfs,Adios,128.200.135.199,2019-01-25 19:31:41.653346+00:00,1,,,546,7,381,-76,1,0,0,0,0,0,1,0,4,20,4,0,0,4,5,0,0,0,0,0,10,-16,0,15,0,1,14,19,33,14,2,1,19,4,1,26,4,2,5,5,h8jbztbi
8,sp2tp47u,,0,184,183,etfs,Adios,128.200.135.209,2019-01-25 19:31:47.045126+00:00,1,,,497,8,230,0,0,0,9,10,0,0,0,0,0,16,3,0,0,0,12,0,0,0,2,27,24,-16,0,24,0,1,14,19,33,14,2,1,19,4,1,26,4,2,5,5,h8jbztbi
9,ito06f9g,,0,184,183,etfs,Adios,128.200.135.208,2019-01-25 19:31:50.274960+00:00,1,,,595,9,385,78,6,0,0,0,3,20,6,0,0,0,0,0,0,0,3,-3,0,0,3,25,0,-40,0,6,0,1,14,19,33,14,2,1,19,4,1,26,4,2,5,5,h8jbztbi
1,cvcm3gz2,,0,184,183,etfs,Adios,128.200.135.218,2019-01-25 19:31:35.471233+00:00,1,,,713,1,100,62,7,-7,0,0,7,12,0,9,1,22,4,0,0,-10,9,0,0,0,0,0,-18,-15,0,-28,0,1,12,22,34,12,7,-1,22,5,-1,27,4,-2,6,6,h8jbztbi
2,5p5d3wun,,0,184,183,etfs,Adios,128.200.135.212,2019-01-25 19:31:36.059922+00:00,1,,,573,2,560,0,3,0,0,0,3,15,-3,0,0,0,0,0,0,0,0,0,0,0,0,0,0,-10,0,-3,0,1,12,22,34,12,7,-1,22,5,-1,27,4,-2,6,6,h8jbztbi
3,5sfkbrax,,0,184,183,etfs,Adios,128.200.135.214,2019-01-25 19:31:36.287112+00:00,1,,,682,3,476,-48,7,4,12,5,2,14,-11,1,0,18,2,0,0,-1,0,0,26,2,0,0,0,-15,0,-12,0,1,12,22,34,12,7,-1,22,5,-1,27,4,-2,6,6,h8jbztbi
4,66ndl6wq,,0,184,183,etfs,Adios,128.200.135.216,2019-01-25 19:31:39.734961+00:00,1,,,540,4,323,66,6,0,8,2,2,17,-6,7,-3,8,2,3,21,-4,1,0,14,3,1,28,-2,-34,0,-12,0,1,12,22,34,12,7,-1,22,5,-1,27,4,-2,6,6,h8jbztbi
5,qto5fhjj,,0,184,183,etfs,Adios,128.200.135.206,2019-01-25 19:31:40.789696+00:00,1,,,422,5,516,-232,0,3,25,3,0,0,-3,1,4,29,4,0,0,-5,1,4,40,4,0,0,-10,-42,0,-18,0,1,12,22,34,12,7,-1,22,5,-1,27,4,-2,6,6,h8jbztbi
6,prd4jg1a,,0,184,183,etfs,Adios,128.200.135.201,2019-01-25 19:31:40.892420+00:00,1,,,589,6,375,44,0,0,9,2,0,0,0,8,-2,18,2,2,22,-6,2,0,24,2,1,29,-4,-15,0,-10,0,1,12,22,34,12,7,-1,22,5,-1,27,4,-2,6,6,h8jbztbi
7,roycq20l,,0,184,183,etfs,Adios,128.200.135.199,2019-01-25 19:31:41.653346+00:00,1,,,546,7,305,0,1,0,0,0,0,0,-1,4,0,0,0,4,25,-4,5,0,25,1,0,0,-10,-31,0,-15,0,1,12,22,34,12,7,-1,22,5,-1,27,4,-2,6,6,h8jbztbi
8,sp2tp47u,,0,184,183,etfs,Adios,128.200.135.209,2019-01-25 19:31:47.045126+00:00,1,,,497,8,230,108,0,0,0,0,0,0,0,0,0,15,5,0,0,0,12,-4,0,0,5,27,-16,-32,0,-16,0,1,12,22,34,12,7,-1,22,5,-1,27,4,-2,6,6,h8jbztbi
9,ito06f9g,,0,184,183,etfs,Adios,128.200.135.208,2019-01-25 19:31:50.274960+00:00,1,,,595,9,463,0,6,0,0,0,6,20,-6,0,0,0,0,0,0,0,0,0,0,0,0,0,0,-46,0,-6,0,1,12,22,34,12,7,-1,22,5,-1,27,4,-2,6,6,h8jbztbi
1,cvcm3gz2,,0,184,183,etfs,Adios,128.200.135.218,2019-01-25 19:31:35.471233+00:00,1,,,713,1,162,0,0,0,11,10,0,0,0,10,0,0,0,5,22,10,9,0,0,0,0,0,18,13,0,28,0,1,15,18,33,15,7,1,18,1,1,27.5,1,2,7,7,h8jbztbi
2,5p5d3wun,,0,184,183,etfs,Adios,128.200.135.212,2019-01-25 19:31:36.059922+00:00,1,,,573,2,560,0,3,0,0,0,3,15,3,0,0,0,0,0,0,0,0,0,0,0,0,0,0,-7,0,3,0,1,15,18,33,15,7,1,18,1,1,27.5,1,2,7,7,h8jbztbi
3,5sfkbrax,,0,184,183,etfs,Adios,128.200.135.214,2019-01-25 19:31:36.287112+00:00,1,,,682,3,428,75,11,-5,8,10,5,15,6,1,0,18,2,1,20,1,0,0,26,1,0,0,0,-8,0,7,0,1,15,18,33,15,7,1,18,1,1,27.5,1,2,7,7,h8jbztbi
4,66ndl6wq,,0,184,183,etfs,Adios,128.200.135.216,2019-01-25 19:31:39.734961+00:00,1,,,540,4,389,0,6,0,0,0,2,17,6,4,0,9,3,2,25,4,1,0,18,3,1,30,2,-22,0,12,0,1,15,18,33,15,7,1,18,1,1,27.5,1,2,7,7,h8jbztbi
5,qto5fhjj,,0,184,183,etfs,Adios,128.200.135.206,2019-01-25 19:31:40.789696+00:00,1,,,422,5,284,-44.5,3,6,18,7,1,4,9,5,-1,0,0,1,4,4,5,-1,0,0,1,4,8,-21,0,21,0,1,15,18,33,15,7,1,18,1,1,27.5,1,2,7,7,h8jbztbi
6,prd4jg1a,,0,184,183,etfs,Adios,128.200.135.201,2019-01-25 19:31:40.892420+00:00,1,,,589,6,419,-18,0,0,1,10,0,0,0,6,1,18,3,0,0,7,2,0,25.5,3,1,30,4,-4,0,11,0,1,15,18,33,15,7,1,18,1,1,27.5,1,2,7,7,h8jbztbi
7,roycq20l,,0,184,183,etfs,Adios,128.200.135.199,2019-01-25 19:31:41.653346+00:00,1,,,546,7,305,-12.5,1,-1,0,0,1,10,0,4,0,0,0,4,20,4,5,1,30,1,0,0,12,-15,0,16,0,1,15,18,33,15,7,1,18,1,1,27.5,1,2,7,7,h8jbztbi
8,sp2tp47u,,0,184,183,etfs,Adios,128.200.135.209,2019-01-25 19:31:47.045126+00:00,1,,,497,8,338,0,0,0,9,5,0,0,0,0,0,10,5,0,0,0,8,0,24,5,5,29,16,-16,0,16,0,1,15,18,33,15,7,1,18,1,1,27.5,1,2,7,7,h8jbztbi
9,ito06f9g,,0,184,183,etfs,Adios,128.200.135.208,2019-01-25 19:31:50.274960+00:00,1,,,595,9,463,0,6,0,0,0,6,17,6,0,0,0,0,0,0,0,0,0,0,0,0,0,0,-40,0,6,0,1,15,18,33,15,7,1,18,1,1,27.5,1,2,7,7,h8jbztbi
1,cvcm3gz2,,0,184,183,etfs,Adios,128.200.135.218,2019-01-25 19:31:35.471233+00:00,1,,,713,1,162,0,0,0,0,0,0,0,0,10,0,0,0,5,20,0,9,0,0,0,4,27,-9,4,0,-9,0,1,16,15,31,16,7,-1,15,5,0,26.5,1,-1,8,8,h8jbztbi
2,5p5d3wun,,0,184,183,etfs,Adios,128.200.135.212,2019-01-25 19:31:36.059922+00:00,1,,,573,2,560,48,3,-3,0,0,3,15,0,0,0,0,0,0,0,0,0,0,0,0,0,0,0,-7,0,0,0,1,16,15,31,16,7,-1,15,5,0,26.5,1,-1,8,8,h8jbztbi
3,5sfkbrax,,0,184,183,etfs,Adios,128.200.135.214,2019-01-25 19:31:36.287112+00:00,1,,,682,3,503,18,6,-3,12,5,3,15,-3,1,2,18,2,1,20,0,0,0,0,0,0,0,0,-11,0,-3,0,1,16,15,31,16,7,-1,15,5,0,26.5,1,-1,8,8,h8jbztbi
4,66ndl6wq,,0,184,183,etfs,Adios,128.200.135.216,2019-01-25 19:31:39.734961+00:00,1,,,540,4,389,0,6,0,9,3,3,18,-6,4,0,13,2,2,23,0,1,0,21,1,1,30,-1,-29,0,-7,0,1,16,15,31,16,7,-1,15,5,0,26.5,1,-1,8,8,h8jbztbi
5,qto5fhjj,,0,184,183,etfs,Adios,128.200.135.206,2019-01-25 19:31:40.789696+00:00,1,,,422,5,239.5,-54.5,9,6,25,7,1,4,-15,4,-1,0,0,1,4,0,4,-1,0,0,1,15,-3,-39,0,-18,0,1,16,15,31,16,7,-1,15,5,0,26.5,1,-1,8,8,h8jbztbi
6,prd4jg1a,,0,184,183,etfs,Adios,128.200.135.201,2019-01-25 19:31:40.892420+00:00,1,,,589,6,401,-56.5,0,0,8,3,0,0,0,7,2,18,2,5,23,0,2,1,26.5,2,0,0,-3,-7,0,-3,0,1,16,15,31,16,7,-1,15,5,0,26.5,1,-1,8,8,h8jbztbi
7,roycq20l,,0,184,183,etfs,Adios,128.200.135.199,2019-01-25 19:31:41.653346+00:00,1,,,546,7,292.5,60,0,0,0,0,0,0,0,4,-4,0,0,4,15,0,6,0,0,0,0,0,-6,-21,0,-6,0,1,16,15,31,16,7,-1,15,5,0,26.5,1,-1,8,8,h8jbztbi
8,sp2tp47u,,0,184,183,etfs,Adios,128.200.135.209,2019-01-25 19:31:47.045126+00:00,1,,,497,8,338,-15,0,0,12,10,0,0,0,0,1,15,5,0,0,0,8,0,0,0,5,29,-8,-24,0,-8,0,1,16,15,31,16,7,-1,15,5,0,26.5,1,-1,8,8,h8jbztbi
9,ito06f9g,,0,184,183,etfs,Adios,128.200.135.208,2019-01-25 19:31:50.274960+00:00,1,,,595,9,463,0,6,0,0,0,6,17,-6,0,0,0,0,0,0,0,0,0,0,0,0,0,0,-46,0,-6,0,1,16,15,31,16,7,-1,15,5,0,26.5,1,-1,8,8,h8jbztbi
1,cvcm3gz2,,0,184,183,etfs,Adios,128.200.135.218,2019-01-25 19:31:35.471233+00:00,1,,,713,1,162,104,0,0,0,0,0,0,0,10,0,16,5,0,0,20,9,-4,0,0,4,25,5,29,0,25,0,1,12,22.5,34.5,12,7,-1,22.5,3,2,26,4,1,9,9,h8jbztbi
2,5p5d3wun,,0,184,183,etfs,Adios,128.200.135.212,2019-01-25 19:31:36.059922+00:00,1,,,573,2,608,0,0,0,0,0,0,0,0,0,0,0,0,0,0,0,0,0,0,0,0,0,0,-7,0,0,0,1,12,22.5,34.5,12,7,-1,22.5,3,2,26,4,1,9,9,h8jbztbi
3,5sfkbrax,,0,184,183,etfs,Adios,128.200.135.214,2019-01-25 19:31:36.287112+00:00,1,,,682,3,521,22.5,3,0,12,5,3,15,-3,3,-1,16,2,1,18,4,0,0,26,1,0,0,0,-10,0,1,0,1,12,22.5,34.5,12,7,-1,22.5,3,2,26,4,1,9,9,h8jbztbi
4,66ndl6wq,,0,184,183,etfs,Adios,128.200.135.216,2019-01-25 19:31:39.734961+00:00,1,,,540,4,389,-29.5,6,0,0,0,2,15,-6,4,-1,16,2,1,15,6,1,2,26,3,0,0,3,-26,0,3,0,1,12,22.5,34.5,12,7,-1,22.5,3,2,26,4,1,9,9,h8jbztbi
5,qto5fhjj,,0,184,183,etfs,Adios,128.200.135.206,2019-01-25 19:31:40.789696+00:00,1,,,422,5,185,-9.5,15,-7,0,0,7,10,-8,3,3,25,3,0,0,12,3,1,34,1,2,35,4,-31,0,8,0,1,12,22.5,34.5,12,7,-1,22.5,3,2,26,4,1,9,9,h8jbztbi
6,prd4jg1a,,0,184,183,etfs,Adios,128.200.135.201,2019-01-25 19:31:40.892420+00:00,1,,,589,6,344.5,0,0,0,9,0,0,0,0,9,0,13,1,0,0,18,3,0,0,0,0,0,3,14,0,21,0,1,12,22.5,34.5,12,7,-1,22.5,3,2,26,4,1,9,9,h8jbztbi
7,roycq20l,,0,184,183,etfs,Adios,128.200.135.199,2019-01-25 19:31:41.653346+00:00,1,,,546,7,352.5,-26,0,0,0,0,0,0,0,0,0,0,0,0,0,0,6,1,27,1,0,0,7,-14,0,7,0,1,12,22.5,34.5,12,7,-1,22.5,3,2,26,4,1,9,9,h8jbztbi
8,sp2tp47u,,0,184,183,etfs,Adios,128.200.135.209,2019-01-25 19:31:47.045126+00:00,1,,,497,8,323,-61.5,0,7,12,10,0,0,-7,1,-1,0,0,1,20,0,8,0,25,2,0,0,8,-23,0,1,0,1,12,22.5,34.5,12,7,-1,22.5,3,2,26,4,1,9,9,h8jbztbi
9,ito06f9g,,0,184,183,etfs,Adios,128.200.135.208,2019-01-25 19:31:50.274960+00:00,1,,,595,9,463,0,6,0,0,0,6,17,-6,0,0,0,0,0,0,0,0,0,0,0,0,0,0,-52,0,-6,0,1,12,22.5,34.5,12,7,-1,22.5,3,2,26,4,1,9,9,h8jbztbi
1,cvcm3gz2,,0,184,183,etfs,Adios,128.200.135.218,2019-01-25 19:31:35.471233+00:00,1,,,713,1,266,-56,0,4,14,5,0,0,-4,10,0,0,0,5,20,20,5,0,0,0,0,0,5,50,0,21,0,1,14,16,30,14,4,-1,16,3,2,25,6,1,10,10,h8jbztbi
2,5p5d3wun,,0,184,183,etfs,Adios,128.200.135.212,2019-01-25 19:31:36.059922+00:00,1,,,573,2,608,0,0,0,0,0,0,0,0,0,0,0,0,0,0,0,0,0,0,0,0,0,0,-7,0,0,0,1,14,16,30,14,4,-1,16,3,2,25,6,1,10,10,h8jbztbi
3,5sfkbrax,,0,184,183,etfs,Adios,128.200.135.214,2019-01-25 19:31:36.287112+00:00,1,,,682,3,543.5,-73,3,0,12,5,3,15,-3,2,3,16,5,0,0,10,0,1,25,1,0,0,1,-2,0,8,0,1,14,16,30,14,4,-1,16,3,2,25,6,1,10,10,h8jbztbi
4,66ndl6wq,,0,184,183,etfs,Adios,128.200.135.216,2019-01-25 19:31:39.734961+00:00,1,,,540,4,359.5,50,6,0,14,2,0,0,-6,3,0,0,0,3,18,6,3,-2,0,0,2,25,1,-25,0,1,0,1,14,16,30,14,4,-1,16,3,2,25,6,1,10,10,h8jbztbi
5,qto5fhjj,,0,184,183,etfs,Adios,128.200.135.206,2019-01-25 19:31:40.789696+00:00,1,,,422,5,175.5,104,8,-4,0,0,4,6,-4,6,-3,0,0,3,10,6,4,0,40,4,4,20,4,-25,0,6,0,1,14,16,30,14,4,-1,16,3,2,25,6,1,10,10,h8jbztbi
6,prd4jg1a,,0,184,183,etfs,Adios,128.200.135.201,2019-01-25 19:31:40.892420+00:00,1,,,589,6,344.5,0,0,0,9,2,0,0,0,9,0,0,0,0,0,18,3,0,22,2,0,0,3,35,0,21,0,1,14,16,30,14,4,-1,16,3,2,25,6,1,10,10,h8jbztbi
7,roycq20l,,0,184,183,etfs,Adios,128.200.135.199,2019-01-25 19:31:41.653346+00:00,1,,,546,7,326.5,-25,0,0,0,0,0,0,0,0,0,0,0,0,0,0,7,1,25,1,0,0,8,-6,0,8,0,1,14,16,30,14,4,-1,16,3,2,25,6,1,10,10,h8jbztbi
8,sp2tp47u,,0,184,183,etfs,Adios,128.200.135.209,2019-01-25 19:31:47.045126+00:00,1,,,497,8,261.5,0,7,0,0,0,7,16,-7,0,0,15,5,0,0,0,8,0,0,0,8,27.5,8,-22,0,1,0,1,14,16,30,14,4,-1,16,3,2,25,6,1,10,10,h8jbztbi
9,ito06f9g,,0,184,183,etfs,Adios,128.200.135.208,2019-01-25 19:31:50.274960+00:00,1,,,595,9,463,0,6,0,13,6,6,17,-6,0,0,0,0,0,0,0,0,0,0,0,0,0,0,-58,0,-6,0,1,14,16,30,14,4,-1,16,3,2,25,6,1,10,10,h8jbztbi
1,cvcm3gz2,,0,184,183,etfs,Adios,128.200.135.218,2019-01-25 19:31:35.471233+00:00,1,,,713,1,210,-48,4,0,0,0,0,0,-4,10,0,0,0,5,20,0,5,2,26,2,0,0,-7,39,0,-11,0,1,13.5,16,29.5,13.5,5,-1,16,4,0,24,2,-1,11,11,h8jbztbi
2,5p5d3wun,,0,184,183,etfs,Adios,128.200.135.212,2019-01-25 19:31:36.059922+00:00,1,,,573,2,608,0,0,0,0,0,0,0,0,0,0,0,0,0,0,0,0,0,0,0,0,0,0,-7,0,0,0,1,13.5,16,29.5,13.5,5,-1,16,4,0,24,2,-1,11,11,h8jbztbi
3,5sfkbrax,,0,184,183,etfs,Adios,128.200.135.214,2019-01-25 19:31:36.287112+00:00,1,,,682,3,470.5,-16,3,0,12,5,3,15,-3,5,1,16,10,3,20,0,1,0,0,0,1,27,-1,-6,0,-4,0,1,13.5,16,29.5,13.5,5,-1,16,4,0,24,2,-1,11,11,h8jbztbi
4,66ndl6wq,,0,184,183,etfs,Adios,128.200.135.216,2019-01-25 19:31:39.734961+00:00,1,,,540,4,409.5,43,6,-2,0,0,2,13,-4,3,-1,0,0,1,16,0,1,0,0,0,0,0,-1,-30,0,-5,0,1,13.5,16,29.5,13.5,5,-1,16,4,0,24,2,-1,11,11,h8jbztbi
5,qto5fhjj,,0,184,183,etfs,Adios,128.200.135.206,2019-01-25 19:31:40.789696+00:00,1,,,422,5,279.5,34.5,4,1,20,4,3,10,-5,3,0,25,3,3,10,0,4,-2,8,1,2,8,-2,-32,0,-7,0,1,13.5,16,29.5,13.5,5,-1,16,4,0,24,2,-1,11,11,h8jbztbi
6,prd4jg1a,,0,184,183,etfs,Adios,128.200.135.201,2019-01-25 19:31:40.892420+00:00,1,,,589,6,344.5,0,0,0,9,1,0,0,0,9,0,12,1,0,0,0,3,0,22,1,0,0,-3,32,0,-3,0,1,13.5,16,29.5,13.5,5,-1,16,4,0,24,2,-1,11,11,h8jbztbi
7,roycq20l,,0,184,183,etfs,Adios,128.200.135.199,2019-01-25 19:31:41.653346+00:00,1,,,546,7,301.5,-13.5,0,1,14,1,0,0,-1,0,0,0,0,0,0,0,8,0,0,0,0,0,-8,-15,0,-9,0,1,13.5,16,29.5,13.5,5,-1,16,4,0,24,2,-1,11,11,h8jbztbi
8,sp2tp47u,,0,184,183,etfs,Adios,128.200.135.209,2019-01-25 19:31:47.045126+00:00,1,,,497,8,261.5,0,7,0,0,0,7,16,-7,0,0,15,5,0,0,0,8,0,0,0,8,27,-8,-37,0,-15,0,1,13.5,16,29.5,13.5,5,-1,16,4,0,24,2,-1,11,11,h8jbztbi
9,ito06f9g,,0,184,183,etfs,Adios,128.200.135.208,2019-01-25 19:31:50.274960+00:00,1,,,595,9,463,0,6,0,12,6,6,17,-6,0,0,0,0,0,0,0,0,0,0,0,0,0,0,-64,0,-6,0,1,13.5,16,29.5,13.5,5,-1,16,4,0,24,2,-1,11,11,h8jbztbi
1,cvcm3gz2,,0,184,183,etfs,Adios,128.200.135.218,2019-01-25 19:31:35.471233+00:00,1,,,713,1,162,0,4,0,0,0,0,0,4,10,0,0,0,5,18,0,7,0,0,0,0,0,7,50,0,11,0,1,4,16,20,4,2,1,16,4,0,0,0,1,12,12,h8jbztbi
2,5p5d3wun,,0,184,183,etfs,Adios,128.200.135.212,2019-01-25 19:31:36.059922+00:00,1,,,573,2,608,0,0,0,0,0,0,0,0,0,0,0,0,0,0,0,0,0,0,0,0,0,0,-7,0,0,0,1,4,16,20,4,2,1,16,4,0,0,0,1,12,12,h8jbztbi
3,5sfkbrax,,0,184,183,etfs,Adios,128.200.135.214,2019-01-25 19:31:36.287112+00:00,1,,,682,3,454.5,-64,3,0,0,0,3,14,3,6,4,16,10,1,18,0,1,0,0,0,1,26,1,-2,0,4,0,1,4,16,20,4,2,1,16,4,0,0,0,1,12,12,h8jbztbi
4,66ndl6wq,,0,184,183,etfs,Adios,128.200.135.216,2019-01-25 19:31:39.734961+00:00,1,,,540,4,452.5,8,4,2,14,2,0,0,6,2,-1,0,0,1,15,0,1,0,0,0,0,0,1,-23,0,7,0,1,4,16,20,4,2,1,16,4,0,0,0,1,12,12,h8jbztbi
5,qto5fhjj,,0,184,183,etfs,Adios,128.200.135.206,2019-01-25 19:31:40.789696+00:00,1,,,422,5,314,56,5,-2,0,0,5,4,3,3,-3,0,0,3,5,0,2,0,0,0,2,12,2,-27,0,5,0,1,4,16,20,4,2,1,16,4,0,0,0,1,12,12,h8jbztbi
6,prd4jg1a,,0,184,183,etfs,Adios,128.200.135.201,2019-01-25 19:31:40.892420+00:00,1,,,589,6,344.5,0,0,0,0,0,0,0,0,9,0,0,0,0,0,0,3,0,0,0,0,0,3,35,0,3,0,1,4,16,20,4,2,1,16,4,0,0,0,1,12,12,h8jbztbi
7,roycq20l,,0,184,183,etfs,Adios,128.200.135.199,2019-01-25 19:31:41.653346+00:00,1,,,546,7,288,0,1,0,0,0,0,0,1,0,0,0,0,0,0,0,8,0,0,0,5,23,8,-6,0,9,0,1,4,16,20,4,2,1,16,4,0,0,0,1,12,12,h8jbztbi
8,sp2tp47u,,0,184,183,etfs,Adios,128.200.135.209,2019-01-25 19:31:47.045126+00:00,1,,,497,8,261.5,0,7,0,0,0,7,16,7,0,0,15,5,0,0,0,8,0,0,0,8,26,8,-22,0,15,0,1,4,16,20,4,2,1,16,4,0,0,0,1,12,12,h8jbztbi
9,ito06f9g,,0,184,183,etfs,Adios,128.200.135.208,2019-01-25 19:31:50.274960+00:00,1,,,595,9,463,0,6,0,0,0,6,14,6,0,0,0,0,0,0,0,0,0,0,0,0,0,0,-58,0,6,0,1,4,16,20,4,2,1,16,4,0,0,0,1,12,12,h8jbztbi
1,cvcm3gz2,,0,184,183,etfs,Adios,128.200.135.218,2019-01-25 19:31:35.471233+00:00,1,,,713,1,162,-16,4,0,12,3,0,0,4,10,1,16,5,0,0,0,7,0,0,0,0,0,7,61,0,11,0,1,4,16,20,0,0,1,16,5,0,25,4,1,13,13,h8jbztbi
2,5p5d3wun,,0,184,183,etfs,Adios,128.200.135.212,2019-01-25 19:31:36.059922+00:00,1,,,573,2,608,0,0,0,0,0,0,0,0,0,0,0,0,0,0,0,0,0,0,0,0,0,0,-7,0,0,0,1,4,16,20,0,0,1,16,5,0,25,4,1,13,13,h8jbztbi
3,5sfkbrax,,0,184,183,etfs,Adios,128.200.135.214,2019-01-25 19:31:36.287112+00:00,1,,,682,3,390.5,64,3,0,8,10,3,13,3,10,-4,15,10,4,16,0,1,0,0,0,1,26,1,2,0,4,0,1,4,16,20,0,0,1,16,5,0,25,4,1,13,13,h8jbztbi
4,66ndl6wq,,0,184,183,etfs,Adios,128.200.135.216,2019-01-25 19:31:39.734961+00:00,1,,,540,4,460.5,41,6,0,8,5,0,0,6,1,-1,0,0,1,15,0,1,-1,0,0,1,23,0,-17,0,6,0,1,4,16,20,0,0,1,16,5,0,25,4,1,13,13,h8jbztbi
5,qto5fhjj,,0,184,183,etfs,Adios,128.200.135.206,2019-01-25 19:31:40.789696+00:00,1,,,422,5,370,-164,3,0,12,3,0,0,3,0,4,22,4,0,0,0,2,4,30,4,0,0,6,-18,0,9,0,1,4,16,20,0,0,1,16,5,0,25,4,1,13,13,h8jbztbi
6,prd4jg1a,,0,184,183,etfs,Adios,128.200.135.201,2019-01-25 19:31:40.892420+00:00,1,,,589,6,344.5,0,0,0,9,5,0,0,0,9,0,11,3,0,0,0,3,0,20,2,0,0,3,38,0,3,0,1,4,16,20,0,0,1,16,5,0,25,4,1,13,13,h8jbztbi
7,roycq20l,,0,184,183,etfs,Adios,128.200.135.199,2019-01-25 19:31:41.653346+00:00,1,,,546,7,288,0,1,0,0,0,0,0,1,0,0,0,0,0,0,0,8,0,0,0,0,0,8,3,0,9,0,1,4,16,20,0,0,1,16,5,0,25,4,1,13,13,h8jbztbi
8,sp2tp47u,,0,184,183,etfs,Adios,128.200.135.209,2019-01-25 19:31:47.045126+00:00,1,,,497,8,261.5,75,7,0,0,0,7,15,7,0,0,16,1,0,0,0,8,-3,0,0,8,25,5,-10,0,12,0,1,4,16,20,0,0,1,16,5,0,25,4,1,13,13,h8jbztbi
9,ito06f9g,,0,184,183,etfs,Adios,128.200.135.208,2019-01-25 19:31:50.274960+00:00,1,,,595,9,463,0,6,0,0,0,6,14,6,0,0,0,0,0,0,0,0,0,0,0,0,0,0,-52,0,6,0,1,4,16,20,0,0,1,16,5,0,25,4,1,13,13,h8jbztbi
1,cvcm3gz2,,0,184,183,etfs,Adios,128.200.135.218,2019-01-25 19:31:35.471233+00:00,1,,,713,1,146,-48,4,-1,0,0,4,12,3,11,4,16,4,0,0,0,7,0,0,0,2,25,7,71,0,10,0,1,12,15,27,12,4,1,15,9,0,0,0,1,14,14,h8jbztbi
2,5p5d3wun,,0,184,183,etfs,Adios,128.200.135.212,2019-01-25 19:31:36.059922+00:00,1,,,573,2,608,0,0,0,1,5,0,0,0,0,0,0,0,0,0,0,0,0,0,0,0,0,0,-7,0,0,0,1,12,15,27,12,4,1,15,9,0,0,0,1,14,14,h8jbztbi
3,5sfkbrax,,0,184,183,etfs,Adios,128.200.135.214,2019-01-25 19:31:36.287112+00:00,1,,,682,3,454.5,21,3,-3,8,5,3,12,0,6,1,15,10,0,0,0,1,0,0,0,1,24,1,3,0,1,0,1,12,15,27,12,4,1,15,9,0,0,0,1,14,14,h8jbztbi
4,66ndl6wq,,0,184,183,etfs,Adios,128.200.135.216,2019-01-25 19:31:39.734961+00:00,1,,,540,4,501.5,0,6,0,8,5,0,0,6,0,0,0,0,0,0,0,0,0,0,0,0,0,0,-11,0,6,0,1,12,15,27,12,4,1,15,9,0,0,0,1,14,14,h8jbztbi
5,qto5fhjj,,0,184,183,etfs,Adios,128.200.135.206,2019-01-25 19:31:40.789696+00:00,1,,,422,5,206,-33,3,4,18,4,1,20,7,4,-1,22,3,4,14,0,6,0,0,0,0,0,6,-5,0,13,0,1,12,15,27,12,4,1,15,9,0,0,0,1,14,14,h8jbztbi
6,prd4jg1a,,0,184,183,etfs,Adios,128.200.135.201,2019-01-25 19:31:40.892420+00:00,1,,,589,6,344.5,75,0,0,9,3,0,0,0,9,-5,0,0,5,15,0,3,0,0,0,2,24,3,41,0,3,0,1,12,15,27,12,4,1,15,9,0,0,0,1,14,14,h8jbztbi
7,roycq20l,,0,184,183,etfs,Adios,128.200.135.199,2019-01-25 19:31:41.653346+00:00,1,,,546,7,288,0,1,0,0,0,0,0,1,0,0,0,0,0,0,0,8,0,0,0,3,24,8,12,0,9,0,1,12,15,27,12,4,1,15,9,0,0,0,1,14,14,h8jbztbi
8,sp2tp47u,,0,184,183,etfs,Adios,128.200.135.209,2019-01-25 19:31:47.045126+00:00,1,,,497,8,336.5,-15,7,0,0,0,7,13,7,0,1,16,1,0,0,0,5,0,0,0,5,24,5,2,0,12,0,1,12,15,27,12,4,1,15,9,0,0,0,1,14,14,h8jbztbi
9,ito06f9g,,0,184,183,etfs,Adios,128.200.135.208,2019-01-25 19:31:50.274960+00:00,1,,,595,9,463,0,6,0,0,0,6,13,6,0,0,0,0,0,0,0,0,0,0,0,0,0,0,-46,0,6,0,1,12,15,27,12,4,1,15,9,0,0,0,1,14,14,h8jbztbi
1,cvcm3gz2,,0,184,183,etfs,Adios,128.200.135.218,2019-01-25 19:31:35.471233+00:00,1,,,713,1,98,0,3,0,0,0,3,13,3,15,0,0,0,0,0,0,7,0,0,0,2,25,7,499,0,428,0,1,10.5,14,24.5,10.5,4,1,14,5,0,0,0,1,15,15,h8jbztbi
2,5p5d3wun,,0,184,183,etfs,Adios,128.200.135.212,2019-01-25 19:31:36.059922+00:00,1,,,573,2,608,0,0,0,5,5,0,0,0,0,0,0,0,0,0,0,0,0,0,0,0,0,0,601,0,608,0,1,10.5,14,24.5,10.5,4,1,14,5,0,0,0,1,15,15,h8jbztbi
3,5sfkbrax,,0,184,183,etfs,Adios,128.200.135.214,2019-01-25 19:31:36.287112+00:00,1,,,682,3,475.5,-14,0,0,8,10,0,0,0,7,1,14,10,2,16,0,1,0,0,0,1,24,1,565.5,0,562.5,0,1,10.5,14,24.5,10.5,4,1,14,5,0,0,0,1,15,15,h8jbztbi
4,66ndl6wq,,0,184,183,etfs,Adios,128.200.135.216,2019-01-25 19:31:39.734961+00:00,1,,,540,4,501.5,0,6,0,0,0,5,11,6,0,0,0,0,0,0,0,0,0,0,0,0,0,0,556.5,0,567.5,0,1,10.5,14,24.5,10.5,4,1,14,5,0,0,0,1,15,15,h8jbztbi
5,qto5fhjj,,0,184,183,etfs,Adios,128.200.135.206,2019-01-25 19:31:40.789696+00:00,1,,,422,5,173,-42,7,0,18,4,4,10,7,3,3,22,4,1,8,0,6,0,0,0,2,20,6,389,0,394,0,1,10.5,14,24.5,10.5,4,1,14,5,0,0,0,1,15,15,h8jbztbi
6,prd4jg1a,,0,184,183,etfs,Adios,128.200.135.201,2019-01-25 19:31:40.892420+00:00,1,,,589,6,419.5,56,0,0,0,0,0,0,0,4,-4,0,0,4,14,0,3,0,19,1,3,23,3,579.5,0,538.5,0,1,10.5,14,24.5,10.5,4,1,14,5,0,0,0,1,15,15,h8jbztbi
7,roycq20l,,0,184,183,etfs,Adios,128.200.135.199,2019-01-25 19:31:41.653346+00:00,1,,,546,7,288,0,1,0,0,0,0,0,1,0,0,0,0,0,0,0,8,0,0,0,3,25,8,479,0,467,0,1,10.5,14,24.5,10.5,4,1,14,5,0,0,0,1,15,15,h8jbztbi
8,sp2tp47u,,0,184,183,etfs,Adios,128.200.135.209,2019-01-25 19:31:47.045126+00:00,1,,,497,8,321.5,0,7,0,0,0,7,12,7,1,0,0,0,0,0,0,5,0,0,0,4,21,5,515.5,0,513.5,0,1,10.5,14,24.5,10.5,4,1,14,5,0,0,0,1,15,15,h8jbztbi
9,ito06f9g,,0,184,183,etfs,Adios,128.200.135.208,2019-01-25 19:31:50.274960+00:00,1,,,595,9,463,0,6,0,0,0,6,12,6,0,0,0,0,0,0,0,0,0,0,0,0,0,0,483,0,529,0,1,10.5,14,24.5,10.5,4,1,14,5,0,0,0,1,15,15,h8jbztbi
1,cvcm3gz2,,0,184,183,etfs,Adios,128.200.135.218,2019-01-25 19:31:35.471233+00:00,1,,,713,1,440,0,8,-3,0,0,3,15,-5,2,3,15,3,0,0,5,0,0,0,0,0,0,0,0,0,0,0,1,15,15,30,15,9,-1,15,10,1,27,3,0,16,1,h8jbztbi
2,5p5d3wun,,0,184,183,etfs,Adios,128.200.135.212,2019-01-25 19:31:36.059922+00:00,1,,,573,2,440,90,8,-4,0,0,5,15,-4,2,-2,0,0,2,15,0,0,0,0,0,0,0,0,-4,-4,-4,-4,1,15,15,30,15,9,-1,15,10,1,27,3,0,16,1,h8jbztbi
3,5sfkbrax,,0,184,183,etfs,Adios,128.200.135.214,2019-01-25 19:31:36.287112+00:00,1,,,682,3,440,0,8,0,12,5,8,15,-8,2,0,0,0,2,20,2,0,0,0,0,0,0,0,-6,-6,-6,-6,1,15,15,30,15,9,-1,15,10,1,27,3,0,16,1,h8jbztbi
4,66ndl6wq,,0,184,183,etfs,Adios,128.200.135.216,2019-01-25 19:31:39.734961+00:00,1,,,540,4,396,60,2,0,11,4,0,0,-2,8,-4,0,0,4,15,4,0,0,23,4,0,0,0,2,2,2,2,1,15,15,30,15,9,-1,15,10,1,27,3,0,16,1,h8jbztbi
5,qto5fhjj,,0,184,183,etfs,Adios,128.200.135.206,2019-01-25 19:31:40.789696+00:00,1,,,422,5,396,-141,2,2,20,4,2,8,-4,8,2,22,6,4,10,10,0,3,30,3,0,0,0,6,6,6,6,1,15,15,30,15,9,-1,15,10,1,27,3,0,16,1,h8jbztbi
6,prd4jg1a,,0,184,183,etfs,Adios,128.200.135.201,2019-01-25 19:31:40.892420+00:00,1,,,589,6,396,-15,2,0,9,5,0,0,-2,8,1,15,5,0,0,9,0,0,20,5,0,0,0,7,7,7,7,1,15,15,30,15,9,-1,15,10,1,27,3,0,16,1,h8jbztbi
7,roycq20l,,0,184,183,etfs,Adios,128.200.135.199,2019-01-25 19:31:41.653346+00:00,1,,,546,7,280,0,0,0,0,0,0,0,0,0,0,0,0,0,0,0,10,0,0,0,0,0,0,0,0,0,0,1,15,15,30,15,9,-1,15,10,1,27,3,0,16,1,h8jbztbi
8,sp2tp47u,,0,184,183,etfs,Adios,128.200.135.209,2019-01-25 19:31:47.045126+00:00,1,,,497,8,280,81,0,0,11,5,0,0,0,0,0,0,0,0,0,0,10,-3,0,0,10,27,0,0,0,0,0,1,15,15,30,15,9,-1,15,10,1,27,3,0,16,1,h8jbztbi
9,ito06f9g,,0,184,183,etfs,Adios,128.200.135.208,2019-01-25 19:31:50.274960+00:00,1,,,595,9,280,-75,0,5,15,5,0,0,-5,0,0,15,5,0,0,0,10,0,0,0,5,27,0,-5,-5,-5,-5,1,15,15,30,15,9,-1,15,10,1,27,3,0,16,1,h8jbztbi
1,cvcm3gz2,,0,184,183,etfs,Adios,128.200.135.218,2019-01-25 19:31:35.471233+00:00,1,,,713,1,440,-320,5,2,17,2,0,0,7,5,10,17.5,10,0,0,-15,0,5,26.5,5,0,0,0,-8,-8,-8,-8,1,15,16,31,15,11,1,16,10,-1,26,8,0,17,2,h8jbztbi
2,5p5d3wun,,0,184,183,etfs,Adios,128.200.135.212,2019-01-25 19:31:36.059922+00:00,1,,,573,2,530,0,4,0,0,0,4,15,4,0,0,0,0,0,0,0,0,0,0,0,0,0,0,0,0,4,4,1,15,16,31,15,11,1,16,10,-1,26,8,0,17,2,h8jbztbi
3,5sfkbrax,,0,184,183,etfs,Adios,128.200.135.214,2019-01-25 19:31:36.287112+00:00,1,,,682,3,440,60,8,-4,12,5,8,15,4,2,0,15,5,2,18,-2,0,0,0,0,0,0,0,-4,-4,2,2,1,15,16,31,15,11,1,16,10,-1,26,8,0,17,2,h8jbztbi
4,66ndl6wq,,0,184,183,etfs,Adios,128.200.135.216,2019-01-25 19:31:39.734961+00:00,1,,,540,4,456,15,2,-1,0,0,1,15,1,4,0,13,3,2,17,-4,0,0,0,0,0,0,0,-1,-1,-3,-3,1,15,16,31,15,11,1,16,10,-1,26,8,0,17,2,h8jbztbi
5,qto5fhjj,,0,184,183,etfs,Adios,128.200.135.206,2019-01-25 19:31:40.789696+00:00,1,,,422,5,255,85,4,5,17,9,4,3,9,10,-10,0,0,10,12,0,3,0,30,3,3,24,0,15,15,9,9,1,15,16,31,15,11,1,16,10,-1,26,8,0,17,2,h8jbztbi
6,prd4jg1a,,0,184,183,etfs,Adios,128.200.135.201,2019-01-25 19:31:40.892420+00:00,1,,,589,6,381,30,2,-2,9,3,2,14,0,9,0,15,3,0,0,-9,0,0,21,2,0,0,0,-2,-2,-9,-9,1,15,16,31,15,11,1,16,10,-1,26,8,0,17,2,h8jbztbi
7,roycq20l,,0,184,183,etfs,Adios,128.200.135.199,2019-01-25 19:31:41.653346+00:00,1,,,546,7,280,0,0,0,0,0,0,0,0,0,0,0,0,0,0,0,10,0,0,0,10,45,0,0,0,0,0,1,15,16,31,15,11,1,16,10,-1,26,8,0,17,2,h8jbztbi
8,sp2tp47u,,0,184,183,etfs,Adios,128.200.135.209,2019-01-25 19:31:47.045126+00:00,1,,,497,8,361,130,0,0,12,5,0,0,0,0,0,12,5,0,0,0,7,-5,0,0,7,26,0,0,0,0,0,1,15,16,31,15,11,1,16,10,-1,26,8,0,17,2,h8jbztbi
9,ito06f9g,,0,184,183,etfs,Adios,128.200.135.208,2019-01-25 19:31:50.274960+00:00,1,,,595,9,205,0,5,0,10,5,5,17,5,0,0,10,5,0,0,0,10,0,0,0,5,27,0,0,0,5,5,1,15,16,31,15,11,1,16,10,-1,26,8,0,17,2,h8jbztbi
1,cvcm3gz2,,0,184,183,etfs,Adios,128.200.135.218,2019-01-25 19:31:35.471233+00:00,1,,,713,1,120,-36,7,3,15,3,0,0,10,15,0,0,0,0,0,15,5,0,0,0,0,0,10,27,27,35,35,1,12,16,28,12,7,1,0,0,1,24,3,2,18,3,h8jbztbi
2,5p5d3wun,,0,184,183,etfs,Adios,128.200.135.212,2019-01-25 19:31:36.059922+00:00,1,,,573,2,530,0,4,0,0,0,4,15,4,0,0,0,0,0,0,0,0,0,0,0,0,0,0,4,4,4,4,1,12,16,28,12,7,1,0,0,1,24,3,2,18,3,h8jbztbi
3,5sfkbrax,,0,184,183,etfs,Adios,128.200.135.214,2019-01-25 19:31:36.287112+00:00,1,,,682,3,500,-48,4,0,12,5,4,15,4,2,0,15,3,2,18,2,0,2,26,2,0,0,4,6,6,10,10,1,12,16,28,12,7,1,0,0,1,24,3,2,18,3,h8jbztbi
4,66ndl6wq,,0,184,183,etfs,Adios,128.200.135.216,2019-01-25 19:31:39.734961+00:00,1,,,540,4,471,-60,1,3,14,3,1,16,4,4,0,15,3,3,19,4,0,1,24,3,0,0,2,9,9,10,10,1,12,16,28,12,7,1,0,0,1,24,3,2,18,3,h8jbztbi
5,qto5fhjj,,0,184,183,etfs,Adios,128.200.135.206,2019-01-25 19:31:40.789696+00:00,1,,,422,5,340,156,9,-7,11,11,7,6,2,0,0,12,8,0,0,0,3,-3,5,1,3,12,0,17,17,2,2,1,12,16,28,12,7,1,0,0,1,24,3,2,18,3,h8jbztbi
6,prd4jg1a,,0,184,183,etfs,Adios,128.200.135.201,2019-01-25 19:31:40.892420+00:00,1,,,589,6,411,0,0,0,9,4,0,0,0,9,0,17,4,0,0,9,0,0,21,3,0,0,0,7,7,9,9,1,12,16,28,12,7,1,0,0,1,24,3,2,18,3,h8jbztbi
7,roycq20l,,0,184,183,etfs,Adios,128.200.135.199,2019-01-25 19:31:41.653346+00:00,1,,,546,7,280,0,0,0,0,0,0,0,0,0,0,0,0,0,0,0,10,0,0,0,10,25,20,20,20,20,20,1,12,16,28,12,7,1,0,0,1,24,3,2,18,3,h8jbztbi
8,sp2tp47u,,0,184,183,etfs,Adios,128.200.135.209,2019-01-25 19:31:47.045126+00:00,1,,,497,8,491,0,0,0,12,5,0,0,0,0,0,12,5,0,0,0,2,0,0,0,1,27,4,4,4,4,4,1,12,16,28,12,7,1,0,0,1,24,3,2,18,3,h8jbztbi
9,ito06f9g,,0,184,183,etfs,Adios,128.200.135.208,2019-01-25 19:31:50.274960+00:00,1,,,595,9,205,-12,5,1,12,5,5,15,6,0,0,13,5,0,0,0,10,0,0,0,10,27,20,26,26,26,26,1,12,16,28,12,7,1,0,0,1,24,3,2,18,3,h8jbztbi
1,cvcm3gz2,,0,184,183,etfs,Adios,128.200.135.218,2019-01-25 19:31:35.471233+00:00,1,,,713,1,84,-75,10,0,0,0,0,0,10,15,0,0,0,0,0,15,5,3,25,3,0,0,16,68,68,41,41,1,15,18,33,15,7,1,18,5,1,25,6,2,19,4,h8jbztbi
2,5p5d3wun,,0,184,183,etfs,Adios,128.200.135.212,2019-01-25 19:31:36.059922+00:00,1,,,573,2,530,15,4,-1,0,0,4,15,3,0,0,0,0,0,0,0,0,0,0,0,0,0,0,7,7,3,3,1,15,18,33,15,7,1,18,5,1,25,6,2,19,4,h8jbztbi
3,5sfkbrax,,0,184,183,etfs,Adios,128.200.135.214,2019-01-25 19:31:36.287112+00:00,1,,,682,3,452,96,4,-4,12,5,4,14,0,2,-2,17,10,2,18,0,2,0,0,0,2,27,4,10,10,4,4,1,15,18,33,15,7,1,18,5,1,25,6,2,19,4,h8jbztbi
4,66ndl6wq,,0,184,183,etfs,Adios,128.200.135.216,2019-01-25 19:31:39.734961+00:00,1,,,540,4,411,54,4,0,11,2,3,15,4,4,-3,0,0,3,15,1,1,0,0,0,1,27,2,16,16,7,7,1,15,18,33,15,7,1,18,5,1,25,6,2,19,4,h8jbztbi
5,qto5fhjj,,0,184,183,etfs,Adios,128.200.135.206,2019-01-25 19:31:40.789696+00:00,1,,,422,5,496,-240,2,5,18,7,2,4,7,0,5,18,10,0,0,5,0,3,30,3,0,0,6,35,35,18,18,1,15,18,33,15,7,1,18,5,1,25,6,2,19,4,h8jbztbi
6,prd4jg1a,,0,184,183,etfs,Adios,128.200.135.201,2019-01-25 19:31:40.892420+00:00,1,,,589,6,411,0,0,0,9,4,0,0,0,9,0,16,2,2,20,9,0,0,21,3,0,0,0,16,16,9,9,1,15,18,33,15,7,1,18,5,1,25,6,2,19,4,h8jbztbi
7,roycq20l,,0,184,183,etfs,Adios,128.200.135.199,2019-01-25 19:31:41.653346+00:00,1,,,546,7,280,150,0,0,0,0,0,0,0,0,0,0,0,0,0,0,10,-6,0,0,10,25,8,28,28,8,8,1,15,18,33,15,7,1,18,5,1,25,6,2,19,4,h8jbztbi
8,sp2tp47u,,0,184,183,etfs,Adios,128.200.135.209,2019-01-25 19:31:47.045126+00:00,1,,,497,8,491,0,0,0,13,5,0,0,0,0,0,12,5,0,0,0,2,0,0,0,0,0,4,8,8,4,4,1,15,18,33,15,7,1,18,5,1,25,6,2,19,4,h8jbztbi
9,ito06f9g,,0,184,183,etfs,Adios,128.200.135.208,2019-01-25 19:31:50.274960+00:00,1,,,595,9,193,0,6,0,12,5,6,15,6,0,0,13,5,0,0,0,10,0,0,0,10,27,20,52,52,26,26,1,15,18,33,15,7,1,18,5,1,25,6,2,19,4,h8jbztbi
1,cvcm3gz2,,0,184,183,etfs,Adios,128.200.135.218,2019-01-25 19:31:35.471233+00:00,1,,,713,1,9,0,10,0,0,0,0,0,10,15,0,0,0,5,20,15,8,0,0,0,0,0,16,109,109,41,41,1,14,16,30,14,7,1,16,5,1,25,3,2,20,5,h8jbztbi
2,5p5d3wun,,0,184,183,etfs,Adios,128.200.135.212,2019-01-25 19:31:36.059922+00:00,1,,,573,2,545,0,3,0,0,0,3,15,3,0,0,0,0,0,0,0,0,0,0,0,0,0,0,10,10,3,3,1,14,16,30,14,7,1,16,5,1,25,3,2,20,5,h8jbztbi
3,5sfkbrax,,0,184,183,etfs,Adios,128.200.135.214,2019-01-25 19:31:36.287112+00:00,1,,,682,3,548,-80,0,0,0,0,0,0,0,0,5,16,30,0,0,5,2,0,0,0,2,26,4,19,19,9,9,1,14,16,30,14,7,1,16,5,1,25,3,2,20,5,h8jbztbi
4,66ndl6wq,,0,184,183,etfs,Adios,128.200.135.216,2019-01-25 19:31:39.734961+00:00,1,,,540,4,465,0,4,0,0,0,3,15,4,1,0,13,2,1,19,1,1,0,23,2,1,27,2,23,23,7,7,1,14,16,30,14,7,1,16,5,1,25,3,2,20,5,h8jbztbi
5,qto5fhjj,,0,184,183,etfs,Adios,128.200.135.206,2019-01-25 19:31:40.789696+00:00,1,,,422,5,256,80,7,0,18,7,7,10,7,5,-5,0,0,5,12,0,3,0,28,3,3,22,6,48,48,13,13,1,14,16,30,14,7,1,16,5,1,25,3,2,20,5,h8jbztbi
6,prd4jg1a,,0,184,183,etfs,Adios,128.200.135.201,2019-01-25 19:31:40.892420+00:00,1,,,589,6,411,0,0,0,9,4,0,0,0,9,0,15,3,9,100,9,0,0,21,3,0,0,0,25,25,9,9,1,14,16,30,14,7,1,16,5,1,25,3,2,20,5,h8jbztbi
7,roycq20l,,0,184,183,etfs,Adios,128.200.135.199,2019-01-25 19:31:41.653346+00:00,1,,,546,7,430,0,0,0,0,0,0,0,0,0,0,0,0,0,0,0,4,0,0,0,0,0,8,36,36,8,8,1,14,16,30,14,7,1,16,5,1,25,3,2,20,5,h8jbztbi
8,sp2tp47u,,0,184,183,etfs,Adios,128.200.135.209,2019-01-25 19:31:47.045126+00:00,1,,,497,8,491,0,0,0,13,5,0,0,0,0,0,13,5,0,0,0,2,0,24,3,0,0,4,12,12,4,4,1,14,16,30,14,7,1,16,5,1,25,3,2,20,5,h8jbztbi
9,ito06f9g,,0,184,183,etfs,Adios,128.200.135.208,2019-01-25 19:31:50.274960+00:00,1,,,595,9,193,0,6,0,0,0,6,15,6,0,0,0,0,0,0,0,10,0,0,0,10,27,20,78,78,26,26,1,14,16,30,14,7,1,16,5,1,25,3,2,20,5,h8jbztbi
1,cvcm3gz2,,0,184,183,etfs,Adios,128.200.135.218,2019-01-25 19:31:35.471233+00:00,1,,,713,1,9,108,10,-2,0,0,5,14,-8,15,-4,0,0,5,20,-11,8,0,0,0,0,0,-16,74,74,-35,-35,1,14,20,34,14,7,-1,20,5,-1,24,1,-2,21,6,h8jbztbi
2,5p5d3wun,,0,184,183,etfs,Adios,128.200.135.212,2019-01-25 19:31:36.059922+00:00,1,,,573,2,545,0,3,0,0,0,3,15,-3,0,0,0,0,0,0,0,0,0,0,0,0,0,0,7,7,-3,-3,1,14,20,34,14,7,-1,20,5,-1,24,1,-2,21,6,h8jbztbi
3,5sfkbrax,,0,184,183,etfs,Adios,128.200.135.214,2019-01-25 19:31:36.287112+00:00,1,,,682,3,468,0,0,0,0,0,0,0,0,5,0,15,10,0,0,-5,2,0,0,0,2,25,-4,10,10,-9,-9,1,14,20,34,14,7,-1,20,5,-1,24,1,-2,21,6,h8jbztbi
4,66ndl6wq,,0,184,183,etfs,Adios,128.200.135.216,2019-01-25 19:31:39.734961+00:00,1,,,540,4,465,20,4,0,13,3,3,15,-4,1,-1,15,3,1,18,0,1,0,23,3,1,27.5,-2,17,17,-6,-6,1,14,20,34,14,7,-1,20,5,-1,24,1,-2,21,6,h8jbztbi
5,qto5fhjj,,0,184,183,etfs,Adios,128.200.135.206,2019-01-25 19:31:40.789696+00:00,1,,,422,5,336,-104,7,2,16,7,5,10,-9,0,5,20,5,0,0,-5,3,-1,20,2,1,8,-4,30,30,-18,-18,1,14,20,34,14,7,-1,20,5,-1,24,1,-2,21,6,h8jbztbi
6,prd4jg1a,,0,184,183,etfs,Adios,128.200.135.201,2019-01-25 19:31:40.892420+00:00,1,,,589,6,411,0,0,0,9,4,0,0,0,9,0,16,4,1,10000,-9,0,0,21,3,0,0,0,16,16,-9,-9,1,14,20,34,14,7,-1,20,5,-1,24,1,-2,21,6,h8jbztbi
7,roycq20l,,0,184,183,etfs,Adios,128.200.135.199,2019-01-25 19:31:41.653346+00:00,1,,,546,7,430,0,0,0,0,0,0,0,0,0,0,0,0,0,0,0,4,0,0,0,0,0,-8,28,28,-8,-8,1,14,20,34,14,7,-1,20,5,-1,24,1,-2,21,6,h8jbztbi
8,sp2tp47u,,0,184,183,etfs,Adios,128.200.135.209,2019-01-25 19:31:47.045126+00:00,1,,,497,8,491,-24,0,0,12,5,0,0,0,0,0,12,5,0,0,0,2,1,24,3,0,0,-6,6,6,-6,-6,1,14,20,34,14,7,-1,20,5,-1,24,1,-2,21,6,h8jbztbi
9,ito06f9g,,0,184,183,etfs,Adios,128.200.135.208,2019-01-25 19:31:50.274960+00:00,1,,,595,9,193,0,6,0,0,0,6,15,-6,0,0,0,0,0,0,0,10,0,0,0,10,27,-20,52,52,-26,-26,1,14,20,34,14,7,-1,20,5,-1,24,1,-2,21,6,h8jbztbi
1,cvcm3gz2,,0,184,183,etfs,Adios,128.200.135.218,2019-01-25 19:31:35.471233+00:00,1,,,713,1,117,64,8,0,0,0,3,14,-8,11,-4,0,0,4,16,-7,8,0,0,0,0,0,-16,43,43,-31,-31,1,13.5,16,29.5,13.5,7,-1,16,9,-1,25,2,-2,22,7,h8jbztbi
2,5p5d3wun,,0,184,183,etfs,Adios,128.200.135.212,2019-01-25 19:31:36.059922+00:00,1,,,573,2,545,0,3,0,0,0,3,15,-3,0,0,0,0,0,0,0,0,0,0,0,0,0,0,4,4,-3,-3,1,13.5,16,29.5,13.5,7,-1,16,9,-1,25,2,-2,22,7,h8jbztbi
3,5sfkbrax,,0,184,183,etfs,Adios,128.200.135.214,2019-01-25 19:31:36.287112+00:00,1,,,682,3,468,-71,0,0,0,0,0,0,0,5,6,16,10,0,0,-11,2,-1,0,0,2,25,-2,-3,-3,-13,-13,1,13.5,16,29.5,13.5,7,-1,16,9,-1,25,2,-2,22,7,h8jbztbi
4,66ndl6wq,,0,184,183,etfs,Adios,128.200.135.216,2019-01-25 19:31:39.734961+00:00,1,,,540,4,485,0,4,0,0,0,4,15,-4,0,0,15,4,0,0,0,1,0,23,4,1,27,-2,11,11,-6,-6,1,13.5,16,29.5,13.5,7,-1,16,9,-1,25,2,-2,22,7,h8jbztbi
5,qto5fhjj,,0,184,183,etfs,Adios,128.200.135.206,2019-01-25 19:31:40.789696+00:00,1,,,422,5,232,55,9,0,17,7,7,12,-9,5,-5,11,3,5,16,0,2,1,28,2,1,20,-6,15,15,-15,-15,1,13.5,16,29.5,13.5,7,-1,16,9,-1,25,2,-2,22,7,h8jbztbi
6,prd4jg1a,,0,184,183,etfs,Adios,128.200.135.201,2019-01-25 19:31:40.892420+00:00,1,,,589,6,411,-48,0,0,9,4,0,0,0,9,3,17,3,0,0,-12,0,0,20,4,0,0,0,4,4,-12,-12,1,13.5,16,29.5,13.5,7,-1,16,9,-1,25,2,-2,22,7,h8jbztbi
7,roycq20l,,0,184,183,etfs,Adios,128.200.135.199,2019-01-25 19:31:41.653346+00:00,1,,,546,7,430,0,0,0,0,0,0,0,0,0,0,0,0,0,0,0,4,0,0,0,0,0,-8,20,20,-8,-8,1,13.5,16,29.5,13.5,7,-1,16,9,-1,25,2,-2,22,7,h8jbztbi
8,sp2tp47u,,0,184,183,etfs,Adios,128.200.135.209,2019-01-25 19:31:47.045126+00:00,1,,,497,8,467,0,0,0,13,5,0,0,0,0,0,14,0,0,0,0,3,0,0,0,2,26,-6,0,0,-6,-6,1,13.5,16,29.5,13.5,7,-1,16,9,-1,25,2,-2,22,7,h8jbztbi
9,ito06f9g,,0,184,183,etfs,Adios,128.200.135.208,2019-01-25 19:31:50.274960+00:00,1,,,595,9,193,0,6,0,0,0,6,15,-6,0,0,0,0,0,0,0,10,0,0,0,10,27,-20,26,26,-26,-26,1,13.5,16,29.5,13.5,7,-1,16,9,-1,25,2,-2,22,7,h8jbztbi
1,cvcm3gz2,,0,184,183,etfs,Adios,128.200.135.218,2019-01-25 19:31:35.471233+00:00,1,,,713,1,181,0,8,0,0,0,3,14,-8,7,0,16,5,0,0,0,8,0,0,0,0,0,-8,27,27,-16,-16,1,13,16,29,13,4,-1,0,0,0,23.5,2,-1,23,8,h8jbztbi
2,5p5d3wun,,0,184,183,etfs,Adios,128.200.135.212,2019-01-25 19:31:36.059922+00:00,1,,,573,2,545,0,3,0,0,0,3,14,-3,0,0,0,0,0,0,0,0,0,0,0,0,0,0,1,1,-3,-3,1,13,16,29,13,4,-1,0,0,0,23.5,2,-1,23,8,h8jbztbi
3,5sfkbrax,,0,184,183,etfs,Adios,128.200.135.214,2019-01-25 19:31:36.287112+00:00,1,,,682,3,397,0,0,0,0,0,0,0,0,11,0,16,5,0,0,0,1,0,0,0,1,26,-1,-4,-4,-1,-1,1,13,16,29,13,4,-1,0,0,0,23.5,2,-1,23,8,h8jbztbi
4,66ndl6wq,,0,184,183,etfs,Adios,128.200.135.216,2019-01-25 19:31:39.734961+00:00,1,,,540,4,485,0,4,0,12,3,3,14,-4,0,0,15,3,0,0,0,1,0,23,3,1,27,-1,6,6,-5,-5,1,13,16,29,13,4,-1,0,0,0,23.5,2,-1,23,8,h8jbztbi
5,qto5fhjj,,0,184,183,etfs,Adios,128.200.135.206,2019-01-25 19:31:40.789696+00:00,1,,,422,5,287,99,9,-4,12,7,4,6,-5,0,0,22,5,0,0,0,3,-2,18,1,2,23,-1,9,9,-6,-6,1,13,16,29,13,4,-1,0,0,0,23.5,2,-1,23,8,h8jbztbi
6,prd4jg1a,,0,184,183,etfs,Adios,128.200.135.201,2019-01-25 19:31:40.892420+00:00,1,,,589,6,363,0,0,0,9,4,0,0,0,12,0,15,2,4,100000,0,0,0,20,4,0,0,0,4,4,0,0,1,13,16,29,13,4,-1,0,0,0,23.5,2,-1,23,8,h8jbztbi
7,roycq20l,,0,184,183,etfs,Adios,128.200.135.199,2019-01-25 19:31:41.653346+00:00,1,,,546,7,430,0,0,0,0,0,0,0,0,0,0,0,0,0,0,0,4,0,0,0,1,25,-4,16,16,-4,-4,1,13,16,29,13,4,-1,0,0,0,23.5,2,-1,23,8,h8jbztbi
8,sp2tp47u,,0,184,183,etfs,Adios,128.200.135.209,2019-01-25 19:31:47.045126+00:00,1,,,497,8,467,-99,0,4,13,5,0,0,-4,0,0,15,5,0,0,0,3,2,24,2,0,0,-5,-9,-9,-9,-9,1,13,16,29,13,4,-1,0,0,0,23.5,2,-1,23,8,h8jbztbi
9,ito06f9g,,0,184,183,etfs,Adios,128.200.135.208,2019-01-25 19:31:50.274960+00:00,1,,,595,9,193,0,6,0,0,0,6,15,-6,0,0,0,0,0,0,0,10,0,0,0,10,27,-10,10,10,-16,-16,1,13,16,29,13,4,-1,0,0,0,23.5,2,-1,23,8,h8jbztbi
1,cvcm3gz2,,0,184,183,etfs,Adios,128.200.135.218,2019-01-25 19:31:35.471233+00:00,1,,,713,1,181,0,8,0,0,0,5,12.5,-8,7,0,16,5,0,0,14,8,0,24.5,2,0,0,8,41,41,14,14,1,12.25,16,28.25,12.25,4,-1,0,0,2,25,2,1,24,9,h8jbztbi
2,5p5d3wun,,0,184,183,etfs,Adios,128.200.135.212,2019-01-25 19:31:36.059922+00:00,1,,,573,2,545,0,3,0,0,0,3,13,-3,0,0,0,0,0,0,0,0,0,0,0,0,0,0,-2,-2,-3,-3,1,12.25,16,28.25,12.25,4,-1,0,0,2,25,2,1,24,9,h8jbztbi
3,5sfkbrax,,0,184,183,etfs,Adios,128.200.135.214,2019-01-25 19:31:36.287112+00:00,1,,,682,3,397,0,0,0,10,5,0,0,0,11,0,0,0,0,0,22,1,0,0,0,1,25,1,19,19,23,23,1,12.25,16,28.25,12.25,4,-1,0,0,2,25,2,1,24,9,h8jbztbi
4,66ndl6wq,,0,184,183,etfs,Adios,128.200.135.216,2019-01-25 19:31:39.734961+00:00,1,,,540,4,485,0,4,0,12,2,3,14,-4,0,0,13,2,0,0,0,1,0,23,3,1,27,1,3,3,-3,-3,1,12.25,16,28.25,12.25,4,-1,0,0,2,25,2,1,24,9,h8jbztbi
5,qto5fhjj,,0,184,183,etfs,Adios,128.200.135.206,2019-01-25 19:31:40.789696+00:00,1,,,422,5,386,-25,5,0,15,4,4,7,-5,0,0,0,0,0,0,0,1,1,25.5,2,1,18,2,6,6,-3,-3,1,12.25,16,28.25,12.25,4,-1,0,0,2,25,2,1,24,9,h8jbztbi
6,prd4jg1a,,0,184,183,etfs,Adios,128.200.135.201,2019-01-25 19:31:40.892420+00:00,1,,,589,6,363,0,0,0,9,5,0,0,0,12,0,0,0,0,0,24,0,0,20,5,0,0,0,28,28,24,24,1,12.25,16,28.25,12.25,4,-1,0,0,2,25,2,1,24,9,h8jbztbi
7,roycq20l,,0,184,183,etfs,Adios,128.200.135.199,2019-01-25 19:31:41.653346+00:00,1,,,546,7,430,25,0,0,0,0,0,0,0,0,0,0,0,0,0,0,4,-1,0,0,1,25,3,19,19,3,3,1,12.25,16,28.25,12.25,4,-1,0,0,2,25,2,1,24,9,h8jbztbi
8,sp2tp47u,,0,184,183,etfs,Adios,128.200.135.209,2019-01-25 19:31:47.045126+00:00,1,,,497,8,368,0,4,0,0,0,4,16,-4,0,0,15,5,0,0,0,5,0,0,0,4,26,5,-8,-8,1,1,1,12.25,16,28.25,12.25,4,-1,0,0,2,25,2,1,24,9,h8jbztbi
9,ito06f9g,,0,184,183,etfs,Adios,128.200.135.208,2019-01-25 19:31:50.274960+00:00,1,,,595,9,193,0,6,0,0,0,6,15,-6,0,0,0,0,0,0,0,10,0,0,0,10,25,10,14,14,4,4,1,12.25,16,28.25,12.25,4,-1,0,0,2,25,2,1,24,9,h8jbztbi
1,cvcm3gz2,,0,184,183,etfs,Adios,128.200.135.218,2019-01-25 19:31:35.471233+00:00,1,,,713,1,181,40,8,0,0,0,0,0,8,7,-2,0,0,2,20,10,8,0,0,0,0,0,24,83,83,42,42,1,10,20,30,10,6,1,20,2,2,24,2,3,25,10,h8jbztbi
2,5p5d3wun,,0,184,183,etfs,Adios,128.200.135.212,2019-01-25 19:31:36.059922+00:00,1,,,573,2,545,30,3,-3,0,0,3,10,0,0,0,0,0,0,0,0,0,0,0,0,0,0,0,-2,-2,0,0,1,10,20,30,10,6,1,20,2,2,24,2,3,25,10,h8jbztbi
3,5sfkbrax,,0,184,183,etfs,Adios,128.200.135.214,2019-01-25 19:31:36.287112+00:00,1,,,682,3,397,0,0,0,0,0,0,0,0,11,0,15,5,0,0,22,1,0,0,0,1,25,3,44,44,25,25,1,10,20,30,10,6,1,20,2,2,24,2,3,25,10,h8jbztbi
4,66ndl6wq,,0,184,183,etfs,Adios,128.200.135.216,2019-01-25 19:31:39.734961+00:00,1,,,540,4,485,-20,4,2,12,2,3,14,6,0,0,13,3,0,0,0,1,0,23,2,1,27,3,12,12,9,9,1,10,20,30,10,6,1,20,2,2,24,2,3,25,10,h8jbztbi
5,qto5fhjj,,0,184,183,etfs,Adios,128.200.135.206,2019-01-25 19:31:40.789696+00:00,1,,,422,5,361,-50,5,1,13,4,4,10,6,0,2,20,8,0,0,4,2,0,27,2,2,23,6,22,22,16,16,1,10,20,30,10,6,1,20,2,2,24,2,3,25,10,h8jbztbi
6,prd4jg1a,,0,184,183,etfs,Adios,128.200.135.201,2019-01-25 19:31:40.892420+00:00,1,,,589,6,363,0,0,0,9,5,0,0,0,12,0,10,3,0,0,24,0,0,20,3,0,0,0,52,52,24,24,1,10,20,30,10,6,1,20,2,2,24,2,3,25,10,h8jbztbi
7,roycq20l,,0,184,183,etfs,Adios,128.200.135.199,2019-01-25 19:31:41.653346+00:00,1,,,546,7,455,0,0,0,0,0,0,0,0,0,0,0,0,0,0,0,3,0,0,0,1,25,9,28,28,9,9,1,10,20,30,10,6,1,20,2,2,24,2,3,25,10,h8jbztbi
8,sp2tp47u,,0,184,183,etfs,Adios,128.200.135.209,2019-01-25 19:31:47.045126+00:00,1,,,497,8,368,0,4,0,0,0,4,15,4,0,0,17,1,0,0,0,5,0,0,0,4,26,15,11,11,19,19,1,10,20,30,10,6,1,20,2,2,24,2,3,25,10,h8jbztbi
9,ito06f9g,,0,184,183,etfs,Adios,128.200.135.208,2019-01-25 19:31:50.274960+00:00,1,,,595,9,193,0,6,0,0,0,6,13,6,0,0,0,0,0,0,0,10,0,0,0,10,25,30,50,50,36,36,1,10,20,30,10,6,1,20,2,2,24,2,3,25,10,h8jbztbi
1,cvcm3gz2,,0,184,183,etfs,Adios,128.200.135.218,2019-01-25 19:31:35.471233+00:00,1,,,713,1,221,-48,8,0,0,0,0,0,-8,5,0,16,5,0,0,10,8,2,24,2,0,0,10,95,95,12,12,1,10.5,22,32.5,10.5,6,-1,22,1,2,24,4,1,26,11,h8jbztbi
2,5p5d3wun,,0,184,183,etfs,Adios,128.200.135.212,2019-01-25 19:31:36.059922+00:00,1,,,573,2,575,0,0,0,0,0,0,0,0,0,0,0,0,0,0,0,0,0,0,0,0,0,0,-2,-2,0,0,1,10.5,22,32.5,10.5,6,-1,22,1,2,24,4,1,26,11,h8jbztbi
3,5sfkbrax,,0,184,183,etfs,Adios,128.200.135.214,2019-01-25 19:31:36.287112+00:00,1,,,682,3,397,0,0,0,0,0,0,0,0,11,0,15,5,0,0,22,1,0,0,0,0,0,1,67,67,23,23,1,10.5,22,32.5,10.5,6,-1,22,1,2,24,4,1,26,11,h8jbztbi
4,66ndl6wq,,0,184,183,etfs,Adios,128.200.135.216,2019-01-25 19:31:39.734961+00:00,1,,,540,4,465,0,6,0,0,0,5,14,-6,0,0,0,0,0,0,0,1,0,22,2,1,25,1,7,7,-5,-5,1,10.5,22,32.5,10.5,6,-1,22,1,2,24,4,1,26,11,h8jbztbi
5,qto5fhjj,,0,184,183,etfs,Adios,128.200.135.206,2019-01-25 19:31:40.789696+00:00,1,,,422,5,311,-24,6,0,13,6,6,8,-6,2,0,22,2,1,9,4,2,1,26,2,1,11,3,23,23,1,1,1,10.5,22,32.5,10.5,6,-1,22,1,2,24,4,1,26,11,h8jbztbi
6,prd4jg1a,,0,184,183,etfs,Adios,128.200.135.201,2019-01-25 19:31:40.892420+00:00,1,,,589,6,363,0,0,0,9,5,0,0,0,12,0,12,3,0,0,24,0,0,20,1,0,0,0,76,76,24,24,1,10.5,22,32.5,10.5,6,-1,22,1,2,24,4,1,26,11,h8jbztbi
7,roycq20l,,0,184,183,etfs,Adios,128.200.135.199,2019-01-25 19:31:41.653346+00:00,1,,,546,7,455,0,0,0,0,0,0,0,0,0,0,0,0,0,0,0,3,0,0,0,1,25,3,31,31,3,3,1,10.5,22,32.5,10.5,6,-1,22,1,2,24,4,1,26,11,h8jbztbi
8,sp2tp47u,,0,184,183,etfs,Adios,128.200.135.209,2019-01-25 19:31:47.045126+00:00,1,,,497,8,368,0,4,0,0,0,4,15,-4,0,0,16,1,0,0,0,5,0,0,0,4,26,5,12,12,1,1,1,10.5,22,32.5,10.5,6,-1,22,1,2,24,4,1,26,11,h8jbztbi
9,ito06f9g,,0,184,183,etfs,Adios,128.200.135.208,2019-01-25 19:31:50.274960+00:00,1,,,595,9,193,72,6,0,0,0,6,12,-6,0,0,0,0,0,0,0,10,-3,0,0,10,24,7,51,51,1,1,1,10.5,22,32.5,10.5,6,-1,22,1,2,24,4,1,26,11,h8jbztbi
1,cvcm3gz2,,0,184,183,etfs,Adios,128.200.135.218,2019-01-25 19:31:35.471233+00:00,1,,,713,1,173,0,8,0,0,0,0,0,-8,5,0,18,5,0,0,0,10,0,0,0,0,0,-10,77,77,-18,-18,1,10.75,21,31.75,10.75,6,-1,21,1,0,23,7,-1,27,12,h8jbztbi
2,5p5d3wun,,0,184,183,etfs,Adios,128.200.135.212,2019-01-25 19:31:36.059922+00:00,1,,,573,2,575,0,0,0,0,0,0,0,0,0,0,0,0,0,0,0,0,0,0,0,0,0,0,-2,-2,0,0,1,10.75,21,31.75,10.75,6,-1,21,1,0,23,7,-1,27,12,h8jbztbi
3,5sfkbrax,,0,184,183,etfs,Adios,128.200.135.214,2019-01-25 19:31:36.287112+00:00,1,,,682,3,397,0,0,0,0,0,0,0,0,11,0,0,0,5,22,0,1,0,0,0,0,0,-1,66,66,-1,-1,1,10.75,21,31.75,10.75,6,-1,21,1,0,23,7,-1,27,12,h8jbztbi
4,66ndl6wq,,0,184,183,etfs,Adios,128.200.135.216,2019-01-25 19:31:39.734961+00:00,1,,,540,4,465,0,6,0,9.5,5,5,12,-6,0,0,8,3,0,0,0,1,0,19,3,1,25,-1,0,0,-7,-7,1,10.75,21,31.75,10.75,6,-1,21,1,0,23,7,-1,27,12,h8jbztbi
5,qto5fhjj,,0,184,183,etfs,Adios,128.200.135.206,2019-01-25 19:31:40.789696+00:00,1,,,422,5,287,-46,6,0,12,6,6,9,-6,2,0,23,1,1,20,0,3,2,25,4,2,18,-5,12,12,-11,-11,1,10.75,21,31.75,10.75,6,-1,21,1,0,23,7,-1,27,12,h8jbztbi
6,prd4jg1a,,0,184,183,etfs,Adios,128.200.135.201,2019-01-25 19:31:40.892420+00:00,1,,,589,6,363,0,0,0,9.5,3,0,0,0,12,0,10,3,0,0,0,0,0,20,2,0,0,0,76,76,0,0,1,10.75,21,31.75,10.75,6,-1,21,1,0,23,7,-1,27,12,h8jbztbi
7,roycq20l,,0,184,183,etfs,Adios,128.200.135.199,2019-01-25 19:31:41.653346+00:00,1,,,546,7,455,0,0,0,0,0,0,0,0,0,0,0,0,0,0,0,3,0,0,0,3,25,-3,28,28,-3,-3,1,10.75,21,31.75,10.75,6,-1,21,1,0,23,7,-1,27,12,h8jbztbi
8,sp2tp47u,,0,184,183,etfs,Adios,128.200.135.209,2019-01-25 19:31:47.045126+00:00,1,,,497,8,368,-69,4,0,9.5,5,0,0,-4,0,0,16,1,0,0,0,5,3,23,3,0,0,-8,0,0,-12,-12,1,10.75,21,31.75,10.75,6,-1,21,1,0,23,7,-1,27,12,h8jbztbi
9,ito06f9g,,0,184,183,etfs,Adios,128.200.135.208,2019-01-25 19:31:50.274960+00:00,1,,,595,9,265,115,6,0,0,0,6,12,-6,0,0,0,0,0,0,0,7,-5,0,0,7,23,-2,43,43,-8,-8,1,10.75,21,31.75,10.75,6,-1,21,1,0,23,7,-1,27,12,h8jbztbi
1,cvcm3gz2,,0,184,183,etfs,Adios,128.200.135.218,2019-01-25 19:31:35.471233+00:00,1,,,713,1,173,0,8,0,0,0,0,0,8,5,0,16,5,0,0,0,10,0,0,0,0,0,10,95,95,18,18,1,10.5,20,30.5,10.5,6,1,20,1,0,20,2,1,28,13,h8jbztbi
2,5p5d3wun,,0,184,183,etfs,Adios,128.200.135.212,2019-01-25 19:31:36.059922+00:00,1,,,573,2,575,0,0,0,0,0,0,0,0,0,0,0,0,0,0,0,0,0,0,0,0,0,0,-2,-2,0,0,1,10.5,20,30.5,10.5,6,1,20,1,0,20,2,1,28,13,h8jbztbi
3,5sfkbrax,,0,184,183,etfs,Adios,128.200.135.214,2019-01-25 19:31:36.287112+00:00,1,,,682,3,397,0,0,0,0,0,0,0,0,11,0,0,0,10,22,0,1,0,0,0,1,24,1,67,67,1,1,1,10.5,20,30.5,10.5,6,1,20,1,0,20,2,1,28,13,h8jbztbi
4,66ndl6wq,,0,184,183,etfs,Adios,128.200.135.216,2019-01-25 19:31:39.734961+00:00,1,,,540,4,465,0,6,0,9,5,5,12,6,0,0,8,5,0,0,0,1,0,18,5,1,25,1,7,7,7,7,1,10.5,20,30.5,10.5,6,1,20,1,0,20,2,1,28,13,h8jbztbi
5,qto5fhjj,,0,184,183,etfs,Adios,128.200.135.206,2019-01-25 19:31:40.789696+00:00,1,,,422,5,241,-21,6,2,12,6,4,3,8,2,0,24,1,1,18,0,5,0,20,3,2,11,5,25,25,13,13,1,10.5,20,30.5,10.5,6,1,20,1,0,20,2,1,28,13,h8jbztbi
6,prd4jg1a,,0,184,183,etfs,Adios,128.200.135.201,2019-01-25 19:31:40.892420+00:00,1,,,589,6,363,0,0,0,9.5,2,0,0,0,12,0,10,3,5,24,0,0,0,20,3,0,0,0,76,76,0,0,1,10.5,20,30.5,10.5,6,1,20,1,0,20,2,1,28,13,h8jbztbi
7,roycq20l,,0,184,183,etfs,Adios,128.200.135.199,2019-01-25 19:31:41.653346+00:00,1,,,546,7,455,0,0,0,0,0,0,0,0,0,0,0,0,0,0,0,3,0,0,0,3,22,3,31,31,3,3,1,10.5,20,30.5,10.5,6,1,20,1,0,20,2,1,28,13,h8jbztbi
8,sp2tp47u,,0,184,183,etfs,Adios,128.200.135.209,2019-01-25 19:31:47.045126+00:00,1,,,497,8,299,0,4,0,0,0,3,11,4,0,0,18,1,0,0,0,8,0,0,0,7,26,8,12,12,12,12,1,10.5,20,30.5,10.5,6,1,20,1,0,20,2,1,28,13,h8jbztbi
9,ito06f9g,,0,184,183,etfs,Adios,128.200.135.208,2019-01-25 19:31:50.274960+00:00,1,,,595,9,380,21,6,-2,0,0,6,10.5,4,0,0,0,0,0,0,0,2,0,0,0,2,22,2,49,49,6,6,1,10.5,20,30.5,10.5,6,1,20,1,0,20,2,1,28,13,h8jbztbi
1,cvcm3gz2,,0,184,183,etfs,Adios,128.200.135.218,2019-01-25 19:31:35.471233+00:00,1,,,713,1,173,-21,8,2,11,2,0,0,-10,5,0,16,5,0,0,0,10,0,0,0,0,0,-10,75,75,-20,-20,1,10.5,18,28.5,10.5,8,-1,18,2,0,20.75,2,-1,29,14,h8jbztbi
2,5p5d3wun,,0,184,183,etfs,Adios,128.200.135.212,2019-01-25 19:31:36.059922+00:00,1,,,573,2,575,0,0,0,0,0,0,0,0,0,0,0,0,0,0,0,0,0,0,0,0,0,0,-2,-2,0,0,1,10.5,18,28.5,10.5,8,-1,18,2,0,20.75,2,-1,29,14,h8jbztbi
3,5sfkbrax,,0,184,183,etfs,Adios,128.200.135.214,2019-01-25 19:31:36.287112+00:00,1,,,682,3,397,0,0,0,0,0,0,0,0,11,0,0,0,11,20,0,1,0,0,0,1,23,-1,66,66,-1,-1,1,10.5,18,28.5,10.5,8,-1,18,2,0,20.75,2,-1,29,14,h8jbztbi
4,66ndl6wq,,0,184,183,etfs,Adios,128.200.135.216,2019-01-25 19:31:39.734961+00:00,1,,,540,4,465,0,6,0,9,5,6,10.5,-6,0,0,0,0,0,0,0,1,0,19.5,5,1,24,-1,0,0,-7,-7,1,10.5,18,28.5,10.5,8,-1,18,2,0,20.75,2,-1,29,14,h8jbztbi
5,qto5fhjj,,0,184,183,etfs,Adios,128.200.135.206,2019-01-25 19:31:40.789696+00:00,1,,,422,5,220,-21,8,2,13,6,4,6,-10,2,0,23,1,1,15,0,5,0,23,2,2,16,-5,10,10,-15,-15,1,10.5,18,28.5,10.5,8,-1,18,2,0,20.75,2,-1,29,14,h8jbztbi
6,prd4jg1a,,0,184,183,etfs,Adios,128.200.135.201,2019-01-25 19:31:40.892420+00:00,1,,,589,6,363,18,0,0,9,2,0,0,0,12,-1,0,0,12,18,0,0,0,19,2,0,0,0,76,76,0,0,1,10.5,18,28.5,10.5,8,-1,18,2,0,20.75,2,-1,29,14,h8jbztbi
7,roycq20l,,0,184,183,etfs,Adios,128.200.135.199,2019-01-25 19:31:41.653346+00:00,1,,,546,7,455,0,0,0,0,0,0,0,0,0,0,0,0,0,0,0,3,0,0,0,3,22,-3,28,28,-3,-3,1,10.5,18,28.5,10.5,8,-1,18,2,0,20.75,2,-1,29,14,h8jbztbi
8,sp2tp47u,,0,184,183,etfs,Adios,128.200.135.209,2019-01-25 19:31:47.045126+00:00,1,,,497,8,299,-18,4,0,0,0,3,11,-4,0,1,18,1,0,0,0,8,0,0,0,3,25,-8,0,0,-12,-12,1,10.5,18,28.5,10.5,8,-1,18,2,0,20.75,2,-1,29,14,h8jbztbi
9,ito06f9g,,0,184,183,etfs,Adios,128.200.135.208,2019-01-25 19:31:50.274960+00:00,1,,,595,9,401,42,4,-4,0,0,4,10.5,0,0,0,0,0,0,0,0,2,0,0,0,2,22,-2,47,47,-2,-2,1,10.5,18,28.5,10.5,8,-1,18,2,0,20.75,2,-1,29,14,h8jbztbi
1,cvcm3gz2,,0,184,183,etfs,Adios,128.200.135.218,2019-01-25 19:31:35.471233+00:00,1,,,713,1,152,0,10,0,0,0,0,0,-10,5,0,0,0,0,0,10,10,0,0,0,0,0,10,587,587,512,512,1,9.98,15,24.98,9.98,8,-1,15,2,2,20,2,1,30,15,h8jbztbi
2,5p5d3wun,,0,184,183,etfs,Adios,128.200.135.212,2019-01-25 19:31:36.059922+00:00,1,,,573,2,575,0,0,0,5,20,0,0,0,0,0,0,0,0,0,0,0,0,0,0,0,0,0,573,573,575,575,1,9.98,15,24.98,9.98,8,-1,15,2,2,20,2,1,30,15,h8jbztbi
3,5sfkbrax,,0,184,183,etfs,Adios,128.200.135.214,2019-01-25 19:31:36.287112+00:00,1,,,682,3,397,30,0,0,0,0,0,0,0,11,-2,0,0,11,15,18,1,0,0,0,1,21,1,622,622,556,556,1,9.98,15,24.98,9.98,8,-1,15,2,2,20,2,1,30,15,h8jbztbi
4,66ndl6wq,,0,184,183,etfs,Adios,128.200.135.216,2019-01-25 19:31:39.734961+00:00,1,,,540,4,465,0,6,0,9.5,5,6,10.45,-6,0,0,9.5,5,0,0,0,1,0,19.5,4,1,20.5,1,540,540,540,540,1,9.98,15,24.98,9.98,8,-1,15,2,2,20,2,1,30,15,h8jbztbi
5,qto5fhjj,,0,184,183,etfs,Adios,128.200.135.206,2019-01-25 19:31:40.789696+00:00,1,,,422,5,199,-30,10,0,12,8,8,8,-10,2,2,20,2,2,16,8,5,0,22,2,2,8,5,422,422,412,412,1,9.98,15,24.98,9.98,8,-1,15,2,2,20,2,1,30,15,h8jbztbi
6,prd4jg1a,,0,184,183,etfs,Adios,128.200.135.201,2019-01-25 19:31:40.892420+00:00,1,,,589,6,381,0,0,0,9.5,2,0,0,0,11,0,0,0,11,15,22,0,0,19,2,0,0,0,589,589,513,513,1,9.98,15,24.98,9.98,8,-1,15,2,2,20,2,1,30,15,h8jbztbi
7,roycq20l,,0,184,183,etfs,Adios,128.200.135.199,2019-01-25 19:31:41.653346+00:00,1,,,546,7,455,0,0,0,0,0,0,0,0,0,0,0,0,0,0,0,3,0,0,0,3,22,3,546,546,518,518,1,9.98,15,24.98,9.98,8,-1,15,2,2,20,2,1,30,15,h8jbztbi
8,sp2tp47u,,0,184,183,etfs,Adios,128.200.135.209,2019-01-25 19:31:47.045126+00:00,1,,,497,8,281,0,4,0,0,0,4,10.5,-4,1,0,0,0,0,0,2,8,0,0,0,8,26,8,497,497,497,497,1,9.98,15,24.98,9.98,8,-1,15,2,2,20,2,1,30,15,h8jbztbi
9,ito06f9g,,0,184,183,etfs,Adios,128.200.135.208,2019-01-25 19:31:50.274960+00:00,1,,,595,9,443,0,0,0,0,0,0,0,0,0,0,0,0,0,0,0,2,0,0,0,2,22,2,532,532,485,485,1,9.98,15,24.98,9.98,8,-1,15,2,2,20,2,1,30,15,h8jbztbi