participant.id_in_session,participant.code,participant.label,participant._is_bot,participant._index_in_pages,participant._max_page_index,participant._current_app_name,participant._current_page_name,participant.ip_address,participant.time_started,participant.visited,participant.mturk_worker_id,participant.mturk_assignment_id,participant.payoff,player.id_in_group,player.cash,player.delta_cash,player.n_a,player.t_a,player.bida,player.nbida,player.naska,player.aska,player.di_a,player.n_b,player.t_b,player.bidb,player.nbidb,player.naskb,player.askb,player.di_b,player.n_c,player.t_c,player.bidc,player.nbidc,player.naskc,player.askc,player.di_c,player.cum_payoff,player.cum_payoff_topay,player.pay_display,player.payoff,group.id_in_subsession,group.nav_a,group.nav_b,group.nav,group.p_a,group.q_a,group.d_a,group.p_b,group.q_b,group.d_b,group.p_c,group.q_c,group.d_c,subsession.round_number,subsession.ronda,session.code,session.label,session.experimenter_name,session.mturk_HITId,session.mturk_HITGroupId,session.comment,session.is_demo
1,fa60giax,,0,184,183,etfs2,Adios,128.200.135.206,2018-11-20 21:19:26.309222+00:00,1,,,586,1,440,30,8,-1,10,1,1,10,-7,2,-1,10,1,1,10,1,0,0,,,,,0,-6,-6,-6,-6,1,15,15,30,15,8,-1,15,8,1,0,,0,1,1,2ewsl8vx,,,,,,0
2,i3rbxb92,,0,184,183,etfs2,Adios,128.200.135.208,2018-11-20 21:19:26.539802+00:00,1,,,554.5,2,440,45,8,-2,5,2,2,4,-6,2,-1,5,2,1,4,1,0,0,,,,,0,-5,-5,-5,-5,1,15,15,30,15,8,-1,15,8,1,0,,0,1,1,2ewsl8vx,,,,,,0
3,jap3dlok,,0,184,183,etfs2,Adios,128.200.135.212,2018-11-20 21:19:26.866715+00:00,1,,,557,3,440,30,8,0,0,0,0,0,-8,2,-2,0,0,2,1,0,0,0,,,,,0,-8,-8,-8,-8,1,15,15,30,15,8,-1,15,8,1,0,,0,1,1,2ewsl8vx,,,,,,0
4,90rav3se,,0,184,183,etfs2,Adios,128.200.135.214,2018-11-20 21:19:27.688082+00:00,1,,,546.5,4,396,45,2,0,0,0,0,0,-2,8,-3,0,0,3,15,5,0,0,,,,,0,3,3,3,3,1,15,15,30,15,8,-1,15,8,1,0,,0,1,1,2ewsl8vx,,,,,,0
5,l82r9qio,,0,184,183,etfs2,Adios,128.200.135.218,2018-11-20 21:19:27.815337+00:00,1,,,611,5,396,0,2,0,1,1,0,1,-2,8,0,1,1,0,1,8,0,0,,,,,0,6,6,6,6,1,15,15,30,15,8,-1,15,8,1,0,,0,1,1,2ewsl8vx,,,,,,0
6,tahi8fye,,0,184,183,etfs2,Adios,128.200.135.216,2018-11-20 21:19:28.903690+00:00,1,,,440.5,6,396,0,2,0,0,0,0,0,-2,8,0,0,0,0,0,8,0,0,,,,,0,6,6,6,6,1,15,15,30,15,8,-1,15,8,1,0,,0,1,1,2ewsl8vx,,,,,,0
7,8pgfljl9,,0,184,183,etfs2,Adios,128.200.135.209,2018-11-20 21:19:29.811126+00:00,1,,,870.5,7,280,0,10,-4,0,0,5,15,-6,10,4,15,10,0,0,14,0,0,,,,,0,8,8,8,8,1,15,15,30,15,8,-1,15,8,1,0,,0,1,1,2ewsl8vx,,,,,,0
8,bhjbhlc2,,0,184,183,etfs2,Adios,128.200.135.199,2018-11-20 21:19:32.253212+00:00,1,,,676.5,8,280,30,10,-1,10,1,1,9,-9,10,-1,10,1,1,9,9,0,0,,,,,0,0,0,0,0,1,15,15,30,15,8,-1,15,8,1,0,,0,1,1,2ewsl8vx,,,,,,0
9,etl5at8q,,0,184,183,etfs2,Adios,128.200.135.201,2018-11-20 21:19:40.930516+00:00,1,,,455.5,9,280,-180,10,8,25,8,8,30,-18,10,4,20,4,5,25,14,0,0,,,,,0,-4,-4,-4,-4,1,15,15,30,15,8,-1,15,8,1,0,,0,1,1,2ewsl8vx,,,,,,0
1,fa60giax,,0,184,183,etfs2,Adios,128.200.135.206,2018-11-20 21:19:26.309222+00:00,1,,,586,1,470,0,7,0,10,1,0,0,-7,1,0,10,1,0,0,1,0,0,,,,,0,-12,-12,-6,-6,1,11,16,27,11,1,-1,16,3,1,0,,0,2,2,2ewsl8vx,,,,,,0
2,i3rbxb92,,0,184,183,etfs2,Adios,128.200.135.208,2018-11-20 21:19:26.539802+00:00,1,,,554.5,2,485,0,6,0,1,0,0,1,-6,1,0,1,0,0,1,1,0,0,,,,,0,-10,-10,-5,-5,1,11,16,27,11,1,-1,16,3,1,0,,0,2,2,2ewsl8vx,,,,,,0
3,jap3dlok,,0,184,183,etfs2,Adios,128.200.135.212,2018-11-20 21:19:26.866715+00:00,1,,,557,3,470,0,8,0,0,0,0,0,-8,0,0,0,0,0,0,0,0,0,,,,,0,-16,-16,-8,-8,1,11,16,27,11,1,-1,16,3,1,0,,0,2,2,2ewsl8vx,,,,,,0
4,90rav3se,,0,184,183,etfs2,Adios,128.200.135.214,2018-11-20 21:19:27.688082+00:00,1,,,546.5,4,441,0,2,0,10,2,0,0,-2,5,0,0,0,0,0,5,0,0,,,,,0,6,6,3,3,1,11,16,27,11,1,-1,16,3,1,0,,0,2,2,2ewsl8vx,,,,,,0
5,l82r9qio,,0,184,183,etfs2,Adios,128.200.135.218,2018-11-20 21:19:27.815337+00:00,1,,,611,5,396,27,2,-1,1,1,1,1,-1,8,-1,1,1,1,1,7,0,0,,,,,0,12,12,6,6,1,11,16,27,11,1,-1,16,3,1,0,,0,2,2,2ewsl8vx,,,,,,0
6,tahi8fye,,0,184,183,etfs2,Adios,128.200.135.216,2018-11-20 21:19:28.903690+00:00,1,,,440.5,6,396,0,2,0,7,50,0,0,-2,8,0,0,0,8,22,8,0,0,,,,,0,12,12,6,6,1,11,16,27,11,1,-1,16,3,1,0,,0,2,2,2ewsl8vx,,,,,,0
7,8pgfljl9,,0,184,183,etfs2,Adios,128.200.135.209,2018-11-20 21:19:29.811126+00:00,1,,,870.5,7,280,-48,6,0,0,0,6,18,-6,14,3,16,5,0,0,17,0,0,,,,,0,19,19,11,11,1,11,16,27,11,1,-1,16,3,1,0,,0,2,2,2ewsl8vx,,,,,,0
8,bhjbhlc2,,0,184,183,etfs2,Adios,128.200.135.199,2018-11-20 21:19:32.253212+00:00,1,,,676.5,8,310,21,9,1,12,1,2,13,-10,9,-2,12,1,2,13,7,0,0,,,,,0,-3,-3,-3,-3,1,11,16,27,11,1,-1,16,3,1,0,,0,2,2,2ewsl8vx,,,,,,0
9,etl5at8q,,0,184,183,etfs2,Adios,128.200.135.201,2018-11-20 21:19:40.930516+00:00,1,,,455.5,9,100,0,18,0,10,4,10,35,-18,14,0,10,2,10,30,14,0,0,,,,,0,-8,-8,-4,-4,1,11,16,27,11,1,-1,16,3,1,0,,0,2,2,2ewsl8vx,,,,,,0
1,fa60giax,,0,184,183,etfs2,Adios,128.200.135.206,2018-11-20 21:19:26.309222+00:00,1,,,586,1,470,10,7,-1,10,1,1,10,6,1,0,0,0,0,0,-1,0,0,,,,,0,-7,-7,5,5,1,10,17,27,10,1,1,17,5,-1,0,,0,3,3,2ewsl8vx,,,,,,0
2,i3rbxb92,,0,184,183,etfs2,Adios,128.200.135.208,2018-11-20 21:19:26.539802+00:00,1,,,554.5,2,485,0,6,0,10,0,0,2,6,1,0,5,0,0,2,-1,0,0,,,,,0,-5,-5,5,5,1,10,17,27,10,1,1,17,5,-1,0,,0,3,3,2ewsl8vx,,,,,,0
3,jap3dlok,,0,184,183,etfs2,Adios,128.200.135.212,2018-11-20 21:19:26.866715+00:00,1,,,557,3,470,0,8,0,5,1,3,15,8,0,0,0,0,0,0,0,0,0,,,,,0,-8,-8,8,8,1,10,17,27,10,1,1,17,5,-1,0,,0,3,3,2ewsl8vx,,,,,,0
4,90rav3se,,0,184,183,etfs2,Adios,128.200.135.214,2018-11-20 21:19:27.688082+00:00,1,,,546.5,4,441,0,2,0,0,0,1,13,2,5,0,0,0,1,18,-5,0,0,,,,,0,3,3,-3,-3,1,10,17,27,10,1,1,17,5,-1,0,,0,3,3,2ewsl8vx,,,,,,0
5,l82r9qio,,0,184,183,etfs2,Adios,128.200.135.218,2018-11-20 21:19:27.815337+00:00,1,,,611,5,423,34,1,0,1,1,0,1,1,7,-2,1,2,2,1,-5,0,0,,,,,0,8,8,-4,-4,1,10,17,27,10,1,1,17,5,-1,0,,0,3,3,2ewsl8vx,,,,,,0
6,tahi8fye,,0,184,183,etfs2,Adios,128.200.135.216,2018-11-20 21:19:28.903690+00:00,1,,,440.5,6,396,0,2,0,7,50,0,0,2,8,0,0,0,8,20,-8,0,0,,,,,0,6,6,-6,-6,1,10,17,27,10,1,1,17,5,-1,0,,0,3,3,2ewsl8vx,,,,,,0
7,8pgfljl9,,0,184,183,etfs2,Adios,128.200.135.209,2018-11-20 21:19:29.811126+00:00,1,,,870.5,7,232,-85,6,0,0,0,6,12,6,17,5,17,10,0,0,-22,0,0,,,,,0,3,3,-16,-16,1,10,17,27,10,1,1,17,5,-1,0,,0,3,3,2ewsl8vx,,,,,,0
8,bhjbhlc2,,0,184,183,etfs2,Adios,128.200.135.199,2018-11-20 21:19:32.253212+00:00,1,,,676.5,8,331,7,10,1,10,1,1,14,11,7,-1,10,1,1,14,-6,0,0,,,,,0,2,2,5,5,1,10,17,27,10,1,1,17,5,-1,0,,0,3,3,2ewsl8vx,,,,,,0
9,etl5at8q,,0,184,183,etfs2,Adios,128.200.135.201,2018-11-20 21:19:40.930516+00:00,1,,,455.5,9,100,34,18,0,0,0,15,12,18,14,-2,0,0,2,12,-12,0,0,,,,,0,-2,-2,6,6,1,10,17,27,10,1,1,17,5,-1,0,,0,3,3,2ewsl8vx,,,,,,0
1,fa60giax,,0,184,183,etfs2,Adios,128.200.135.206,2018-11-20 21:19:26.309222+00:00,1,,,586,1,480,-62.5,6,0,0,0,0,0,-6,1,5,20,5,0,0,6,0,0,,,,,0,-7,-7,0,0,1,10,12.5,22.5,10,8,-1,12.5,7,1,0,,0,4,4,2ewsl8vx,,,,,,0
2,i3rbxb92,,0,184,183,etfs2,Adios,128.200.135.208,2018-11-20 21:19:26.539802+00:00,1,,,554.5,2,485,0,6,0,10,0,0,5,-6,1,0,5,0,0,5,1,0,0,,,,,0,-10,-10,-5,-5,1,10,12.5,22.5,10,8,-1,12.5,7,1,0,,0,4,4,2ewsl8vx,,,,,,0
3,jap3dlok,,0,184,183,etfs2,Adios,128.200.135.212,2018-11-20 21:19:26.866715+00:00,1,,,557,3,470,-25,8,0,0,0,4,11,-8,0,2,15,2,0,0,2,0,0,,,,,0,-14,-14,-6,-6,1,10,12.5,22.5,10,8,-1,12.5,7,1,0,,0,4,4,2ewsl8vx,,,,,,0
4,90rav3se,,0,184,183,etfs2,Adios,128.200.135.214,2018-11-20 21:19:27.688082+00:00,1,,,546.5,4,441,-10,2,1,10,1,1,10,-3,5,0,0,0,2,18,5,0,0,,,,,0,5,5,2,2,1,10,12.5,22.5,10,8,-1,12.5,7,1,0,,0,4,4,2ewsl8vx,,,,,,0
5,l82r9qio,,0,184,183,etfs2,Adios,128.200.135.218,2018-11-20 21:19:27.815337+00:00,1,,,611,5,457,0,1,0,1,1,0,0,-1,5,0,2,2,0,0,5,0,0,,,,,0,12,12,4,4,1,10,12.5,22.5,10,8,-1,12.5,7,1,0,,0,4,4,2ewsl8vx,,,,,,0
6,tahi8fye,,0,184,183,etfs2,Adios,128.200.135.216,2018-11-20 21:19:28.903690+00:00,1,,,440.5,6,396,0,2,0,8,40,0,0,-2,8,0,0,0,8,17,8,0,0,,,,,0,12,12,6,6,1,10,12.5,22.5,10,8,-1,12.5,7,1,0,,0,4,4,2ewsl8vx,,,,,,0
7,8pgfljl9,,0,184,183,etfs2,Adios,128.200.135.209,2018-11-20 21:19:29.811126+00:00,1,,,870.5,7,147,-60,6,6,12,6,0,0,-12,22,0,0,0,0,0,22,0,0,,,,,0,13,13,10,10,1,10,12.5,22.5,10,8,-1,12.5,7,1,0,,0,4,4,2ewsl8vx,,,,,,0
8,bhjbhlc2,,0,184,183,etfs2,Adios,128.200.135.199,2018-11-20 21:19:32.253212+00:00,1,,,676.5,8,338,-10,11,1,10,1,1,15,-12,6,0,10,1,0,0,6,0,0,,,,,0,-4,-4,-6,-6,1,10,12.5,22.5,10,8,-1,12.5,7,1,0,,0,4,4,2ewsl8vx,,,,,,0
9,etl5at8q,,0,184,183,etfs2,Adios,128.200.135.201,2018-11-20 21:19:40.930516+00:00,1,,,455.5,9,134,167.5,18,-8,0,0,8,10,-10,12,-7,0,0,7,10,5,0,0,,,,,0,-7,-7,-5,-5,1,10,12.5,22.5,10,8,-1,12.5,7,1,0,,0,4,4,2ewsl8vx,,,,,,0
1,fa60giax,,0,184,183,etfs2,Adios,128.200.135.206,2018-11-20 21:19:26.309222+00:00,1,,,586,1,417.5,0,6,0,10,5,0,0,6,6,0,10,5,0,0,-6,0,0,,,,,0,-7,-7,0,0,1,13.5,13,26.5,13.5,15,1,13,3,-1,0,,0,5,5,2ewsl8vx,,,,,,0
2,i3rbxb92,,0,184,183,etfs2,Adios,128.200.135.208,2018-11-20 21:19:26.539802+00:00,1,,,554.5,2,485,27,6,-2,0,0,2,10,4,1,0,2,0,0,10,-1,0,0,,,,,0,-7,-7,3,3,1,13.5,13,26.5,13.5,15,1,13,3,-1,0,,0,5,5,2ewsl8vx,,,,,,0
3,jap3dlok,,0,184,183,etfs2,Adios,128.200.135.212,2018-11-20 21:19:26.866715+00:00,1,,,557,3,445,40.5,8,-3,4,3,3,12,5,2,0,10,1,0,0,-2,0,0,,,,,0,-11,-11,3,3,1,13.5,13,26.5,13.5,15,1,13,3,-1,0,,0,5,5,2ewsl8vx,,,,,,0
4,90rav3se,,0,184,183,etfs2,Adios,128.200.135.214,2018-11-20 21:19:27.688082+00:00,1,,,546.5,4,431,26.5,3,-1,0,0,1,10,2,5,-1,0,0,1,11,-4,0,0,,,,,0,3,3,-2,-2,1,13.5,13,26.5,13.5,15,1,13,3,-1,0,,0,5,5,2ewsl8vx,,,,,,0
5,l82r9qio,,0,184,183,etfs2,Adios,128.200.135.218,2018-11-20 21:19:27.815337+00:00,1,,,611,5,457,26.5,1,-1,1,1,1,1,0,5,-1,2,1,1,1,-4,0,0,,,,,0,8,8,-4,-4,1,13.5,13,26.5,13.5,15,1,13,3,-1,0,,0,5,5,2ewsl8vx,,,,,,0
6,tahi8fye,,0,184,183,etfs2,Adios,128.200.135.216,2018-11-20 21:19:28.903690+00:00,1,,,440.5,6,396,0,2,0,10,30,0,0,2,8,0,0,0,8,15,-8,0,0,,,,,0,6,6,-6,-6,1,13.5,13,26.5,13.5,15,1,13,3,-1,0,,0,5,5,2ewsl8vx,,,,,,0
7,8pgfljl9,,0,184,183,etfs2,Adios,128.200.135.209,2018-11-20 21:19:29.811126+00:00,1,,,870.5,7,87,-39,12,0,0,0,0,0,12,22,3,13,5,0,0,-25,0,0,,,,,0,0,0,-13,-13,1,13.5,13,26.5,13.5,15,1,13,3,-1,0,,0,5,5,2ewsl8vx,,,,,,0
8,bhjbhlc2,,0,184,183,etfs2,Adios,128.200.135.199,2018-11-20 21:19:32.253212+00:00,1,,,676.5,8,328,53.5,12,-3,0,0,3,11,9,6,-1,0,0,1,12,-5,0,0,,,,,0,0,0,4,4,1,13.5,13,26.5,13.5,15,1,13,3,-1,0,,0,5,5,2ewsl8vx,,,,,,0
9,etl5at8q,,0,184,183,etfs2,Adios,128.200.135.201,2018-11-20 21:19:40.930516+00:00,1,,,455.5,9,301.5,-135,10,10,15,15,5,5,20,5,0,5,10,0,0,-5,0,0,,,,,0,8,8,15,15,1,13.5,13,26.5,13.5,15,1,13,3,-1,0,,0,5,5,2ewsl8vx,,,,,,0
1,fa60giax,,0,184,183,etfs2,Adios,128.200.135.206,2018-11-20 21:19:26.309222+00:00,1,,,586,1,417.5,-140,6,10,15,10,0,0,-16,6,2,15,2,0,0,8,0,0,,,,,0,-15,-15,-8,-8,1,12,10,22,12,13,-1,10,8,1,0,,0,6,6,2ewsl8vx,,,,,,0
2,i3rbxb92,,0,184,183,etfs2,Adios,128.200.135.208,2018-11-20 21:19:26.539802+00:00,1,,,554.5,2,512,12,4,-1,0,0,1,10,-3,1,0,1,0,0,10,1,0,0,,,,,0,-9,-9,-2,-2,1,12,10,22,12,13,-1,10,8,1,0,,0,6,6,2ewsl8vx,,,,,,0
3,jap3dlok,,0,184,183,etfs2,Adios,128.200.135.212,2018-11-20 21:19:26.866715+00:00,1,,,557,3,485.5,0,5,0,4,3,3,15,-5,2,0,5,1,1,15,2,0,0,,,,,0,-14,-14,-3,-3,1,12,10,22,12,13,-1,10,8,1,0,,0,6,6,2ewsl8vx,,,,,,0
4,90rav3se,,0,184,183,etfs2,Adios,128.200.135.214,2018-11-20 21:19:27.688082+00:00,1,,,546.5,4,457.5,0,2,0,0,0,0,0,-2,4,0,0,0,2,12,4,0,0,,,,,0,5,5,2,2,1,12,10,22,12,13,-1,10,8,1,0,,0,6,6,2ewsl8vx,,,,,,0
5,l82r9qio,,0,184,183,etfs2,Adios,128.200.135.218,2018-11-20 21:19:27.815337+00:00,1,,,611,5,483.5,0,0,0,0,0,0,0,0,4,0,1,1,0,0,4,0,0,,,,,0,12,12,4,4,1,12,10,22,12,13,-1,10,8,1,0,,0,6,6,2ewsl8vx,,,,,,0
6,tahi8fye,,0,184,183,etfs2,Adios,128.200.135.216,2018-11-20 21:19:28.903690+00:00,1,,,440.5,6,396,44,2,3,12,33,2,13,-5,8,-8,0,0,8,10,0,0,0,,,,,0,1,1,-5,-5,1,12,10,22,12,13,-1,10,8,1,0,,0,6,6,2ewsl8vx,,,,,,0
7,8pgfljl9,,0,184,183,etfs2,Adios,128.200.135.209,2018-11-20 21:19:29.811126+00:00,1,,,870.5,7,48,-10,12,0,0,0,12,14,-12,25,1,10,4,0,0,26,0,0,,,,,0,14,14,14,14,1,12,10,22,12,13,-1,10,8,1,0,,0,6,6,2ewsl8vx,,,,,,0
8,bhjbhlc2,,0,184,183,etfs2,Adios,128.200.135.199,2018-11-20 21:19:32.253212+00:00,1,,,676.5,8,381.5,0,9,0,10,1,2,14,-9,5,0,10,2,0,0,5,0,0,,,,,0,-4,-4,-4,-4,1,12,10,22,12,13,-1,10,8,1,0,,0,6,6,2ewsl8vx,,,,,,0
9,etl5at8q,,0,184,183,etfs2,Adios,128.200.135.201,2018-11-20 21:19:40.930516+00:00,1,,,455.5,9,166.5,94,20,-12,4,10,12,2,-8,5,5,12,5,0,0,10,0,0,,,,,0,10,10,2,2,1,12,10,22,12,13,-1,10,8,1,0,,0,6,6,2ewsl8vx,,,,,,0
1,fa60giax,,0,184,183,etfs2,Adios,128.200.135.206,2018-11-20 21:19:26.309222+00:00,1,,,586,1,277.5,117.5,16,-5,10,5,5,10,-11,8,-5,10,5,5,10,3,0,0,,,,,0,-23,-23,-8,-8,1,12.5,11,23.5,12.5,27,-1,11,6,1,0,,0,7,7,2ewsl8vx,,,,,,0
2,i3rbxb92,,0,184,183,etfs2,Adios,128.200.135.208,2018-11-20 21:19:26.539802+00:00,1,,,554.5,2,524,0,3,0,1,1,0,10,-3,1,0,1,1,0,5,1,0,0,,,,,0,-11,-11,-2,-2,1,12.5,11,23.5,12.5,27,-1,11,6,1,0,,0,7,7,2ewsl8vx,,,,,,0
3,jap3dlok,,0,184,183,etfs2,Adios,128.200.135.212,2018-11-20 21:19:26.866715+00:00,1,,,557,3,485.5,37.5,5,-3,4,10,3,12,-2,2,0,3,10,0,0,2,0,0,,,,,0,-14,-14,0,0,1,12.5,11,23.5,12.5,27,-1,11,6,1,0,,0,7,7,2ewsl8vx,,,,,,0
4,90rav3se,,0,184,183,etfs2,Adios,128.200.135.214,2018-11-20 21:19:27.688082+00:00,1,,,546.5,4,457.5,0,2,0,0,0,1,13,-2,4,0,0,0,0,0,4,0,0,,,,,0,7,7,2,2,1,12.5,11,23.5,12.5,27,-1,11,6,1,0,,0,7,7,2ewsl8vx,,,,,,0
5,l82r9qio,,0,184,183,etfs2,Adios,128.200.135.218,2018-11-20 21:19:27.815337+00:00,1,,,611,5,483.5,11,0,0,1,1,0,0,0,4,-1,1,1,1,1,3,0,0,,,,,0,15,15,3,3,1,12.5,11,23.5,12.5,27,-1,11,6,1,0,,0,7,7,2ewsl8vx,,,,,,0
6,tahi8fye,,0,184,183,etfs2,Adios,128.200.135.216,2018-11-20 21:19:28.903690+00:00,1,,,440.5,6,440,-337.5,5,27,15,27,0,0,-32,0,0,0,0,0,0,0,0,0,,,,,0,-31,-31,-32,-32,1,12.5,11,23.5,12.5,27,-1,11,6,1,0,,0,7,7,2ewsl8vx,,,,,,0
7,8pgfljl9,,0,184,183,etfs2,Adios,128.200.135.209,2018-11-20 21:19:29.811126+00:00,1,,,870.5,7,38,139,12,-12,0,0,12,12,0,26,1,11,3,0,0,27,0,0,,,,,0,41,41,27,27,1,12.5,11,23.5,12.5,27,-1,11,6,1,0,,0,7,7,2ewsl8vx,,,,,,0
8,bhjbhlc2,,0,184,183,etfs2,Adios,128.200.135.199,2018-11-20 21:19:32.253212+00:00,1,,,676.5,8,381.5,0,9,0,10,1,0,0,-9,5,0,10,2,0,0,5,0,0,,,,,0,-8,-8,-4,-4,1,12.5,11,23.5,12.5,27,-1,11,6,1,0,,0,7,7,2ewsl8vx,,,,,,0
9,etl5at8q,,0,184,183,etfs2,Adios,128.200.135.201,2018-11-20 21:19:40.930516+00:00,1,,,455.5,9,260.5,32.5,8,-7,9,1,7,10,-1,10,5,15,5,0,0,15,0,0,,,,,0,24,24,14,14,1,12.5,11,23.5,12.5,27,-1,11,6,1,0,,0,7,7,2ewsl8vx,,,,,,0
1,fa60giax,,0,184,183,etfs2,Adios,128.200.135.206,2018-11-20 21:19:26.309222+00:00,1,,,586,1,395,12,11,0,0,0,4,15,-11,3,-1,0,0,1,10,4,0,0,,,,,0,-30,-30,-7,-7,1,12,12,24,12,6,-1,12,13,2,0,,0,8,8,2ewsl8vx,,,,,,0
2,i3rbxb92,,0,184,183,etfs2,Adios,128.200.135.208,2018-11-20 21:19:26.539802+00:00,1,,,554.5,2,524,-24,3,0,12,1,1,10,-3,1,2,15,2,0,15,6,0,0,,,,,0,-8,-8,3,3,1,12,12,24,12,6,-1,12,13,2,0,,0,8,8,2ewsl8vx,,,,,,0
3,jap3dlok,,0,184,183,etfs2,Adios,128.200.135.212,2018-11-20 21:19:26.866715+00:00,1,,,557,3,523,0,2,0,8.75,5,2,12.5,-2,2,0,8,4,2,13,4,0,0,,,,,0,-12,-12,2,2,1,12,12,24,12,6,-1,12,13,2,0,,0,8,8,2ewsl8vx,,,,,,0
4,90rav3se,,0,184,183,etfs2,Adios,128.200.135.214,2018-11-20 21:19:27.688082+00:00,1,,,546.5,4,457.5,24,2,0,0,0,1,13,-2,4,-2,0,0,2,10,4,0,0,,,,,0,9,9,2,2,1,12,12,24,12,6,-1,12,13,2,0,,0,8,8,2ewsl8vx,,,,,,0
5,l82r9qio,,0,184,183,etfs2,Adios,128.200.135.218,2018-11-20 21:19:27.815337+00:00,1,,,611,5,494.5,12,0,0,1,1,0,0,0,3,-1,1,1,1,1,4,0,0,,,,,0,19,19,4,4,1,12,12,24,12,6,-1,12,13,2,0,,0,8,8,2ewsl8vx,,,,,,0
6,tahi8fye,,0,184,183,etfs2,Adios,128.200.135.216,2018-11-20 21:19:28.903690+00:00,1,,,440.5,6,102.5,60,32,-5,8,10,32,12,-27,0,0,0,0,0,0,0,0,0,,,,,0,-58,-58,-27,-27,1,12,12,24,12,6,-1,12,13,2,0,,0,8,8,2ewsl8vx,,,,,,0
7,8pgfljl9,,0,184,183,etfs2,Adios,128.200.135.209,2018-11-20 21:19:29.811126+00:00,1,,,870.5,7,177,-120,0,0,0,0,0,0,0,27,10,12,10,0,0,74,0,0,,,,,0,115,115,74,74,1,12,12,24,12,6,-1,12,13,2,0,,0,8,8,2ewsl8vx,,,,,,0
8,bhjbhlc2,,0,184,183,etfs2,Adios,128.200.135.199,2018-11-20 21:19:32.253212+00:00,1,,,676.5,8,381.5,-72,9,5,13,5,0,0,-14,5,1,12,5,0,0,12,0,0,,,,,0,-10,-10,-2,-2,1,12,12,24,12,6,-1,12,13,2,0,,0,8,8,2ewsl8vx,,,,,,0
9,etl5at8q,,0,184,183,etfs2,Adios,128.200.135.201,2018-11-20 21:19:40.930516+00:00,1,,,455.5,9,293,108,1,0,11,2,0,0,-1,15,-9,0,0,9,5,12,0,0,,,,,0,35,35,11,11,1,12,12,24,12,6,-1,12,13,2,0,,0,8,8,2ewsl8vx,,,,,,0
1,fa60giax,,0,184,183,etfs2,Adios,128.200.135.206,2018-11-20 21:19:26.309222+00:00,1,,,586,1,407,0,11,0,10,8,0,0,11,2,0,10,4,0,0,0,0,0,,,,,0,-19,-19,11,11,1,12,12.5,24.5,12,16,1,12.5,8,0,0,,0,9,9,2ewsl8vx,,,,,,0
2,i3rbxb92,,0,184,183,etfs2,Adios,128.200.135.208,2018-11-20 21:19:26.539802+00:00,1,,,554.5,2,500,-60.5,3,4,20,5,1,10,7,3,1,15,2,1,10,0,0,0,,,,,0,-1,-1,7,7,1,12,12.5,24.5,12,16,1,12.5,8,0,0,,0,9,9,2ewsl8vx,,,,,,0
3,jap3dlok,,0,184,183,etfs2,Adios,128.200.135.212,2018-11-20 21:19:26.866715+00:00,1,,,557,3,523,49,2,-2,8,5,2,12,0,2,-2,9.5,10,2,12,0,0,0,,,,,0,-12,-12,0,0,1,12,12.5,24.5,12,16,1,12.5,8,0,0,,0,9,9,2ewsl8vx,,,,,,0
4,90rav3se,,0,184,183,etfs2,Adios,128.200.135.214,2018-11-20 21:19:27.688082+00:00,1,,,546.5,4,481.5,-36,2,3,13,3,0,0,5,2,0,11,2,0,0,0,0,0,,,,,0,14,14,5,5,1,12,12.5,24.5,12,16,1,12.5,8,0,0,,0,9,9,2ewsl8vx,,,,,,0
5,l82r9qio,,0,184,183,etfs2,Adios,128.200.135.218,2018-11-20 21:19:27.815337+00:00,1,,,611,5,506.5,12.5,0,0,1,1,0,0,0,2,-1,1,1,1,1,0,0,0,,,,,0,19,19,0,0,1,12,12.5,24.5,12,16,1,12.5,8,0,0,,0,9,9,2ewsl8vx,,,,,,0
6,tahi8fye,,0,184,183,etfs2,Adios,128.200.135.216,2018-11-20 21:19:28.903690+00:00,1,,,440.5,6,162.5,156,27,-13,8,10,27,12,14,0,0,0,0,0,0,0,0,0,,,,,0,-44,-44,14,14,1,12,12.5,24.5,12,16,1,12.5,8,0,0,,0,9,9,2ewsl8vx,,,,,,0
7,8pgfljl9,,0,184,183,etfs2,Adios,128.200.135.209,2018-11-20 21:19:29.811126+00:00,1,,,870.5,7,57,-50,0,0,0,0,0,0,0,37,4,13,4,0,0,0,0,0,,,,,0,115,115,0,0,1,12,12.5,24.5,12,16,1,12.5,8,0,0,,0,9,9,2ewsl8vx,,,,,,0
8,bhjbhlc2,,0,184,183,etfs2,Adios,128.200.135.199,2018-11-20 21:19:32.253212+00:00,1,,,676.5,8,309.5,-61,14,3,12.1,3,0,0,17,6,2,12.5,3,0,0,0,0,0,,,,,0,7,7,17,17,1,12,12.5,24.5,12,16,1,12.5,8,0,0,,0,9,9,2ewsl8vx,,,,,,0
9,etl5at8q,,0,184,183,etfs2,Adios,128.200.135.201,2018-11-20 21:19:40.930516+00:00,1,,,455.5,9,401,-10,1,5,12,5,0,0,6,6,-4,9,1,4,12,0,0,0,,,,,0,41,41,6,6,1,12,12.5,24.5,12,16,1,12.5,8,0,0,,0,9,9,2ewsl8vx,,,,,,0
1,fa60giax,,0,184,183,etfs2,Adios,128.200.135.206,2018-11-20 21:19:26.309222+00:00,1,,,586,1,407,130,11,-9,0,0,9,6,2,2,-1,0,0,1,10,0,0,0,,,,,0,-17,-17,2,2,1,13,13,26,13,15,1,13,3,0,0,,0,10,10,2ewsl8vx,,,,,,0
2,i3rbxb92,,0,184,183,etfs2,Adios,128.200.135.208,2018-11-20 21:19:26.539802+00:00,1,,,554.5,2,439.5,-78,7,5,20,5,2,15,12,4,1,15,2,1,5,0,0,0,,,,,0,11,11,12,12,1,13,13,26,13,15,1,13,3,0,0,,0,10,10,2ewsl8vx,,,,,,0
3,jap3dlok,,0,184,183,etfs2,Adios,128.200.135.212,2018-11-20 21:19:26.866715+00:00,1,,,557,3,572,0,0,0,10.5,10,0,0,0,0,0,11.5,20,0,0,0,0,0,,,,,0,-12,-12,0,0,1,13,13,26,13,15,1,13,3,0,0,,0,10,10,2ewsl8vx,,,,,,0
4,90rav3se,,0,184,183,etfs2,Adios,128.200.135.214,2018-11-20 21:19:27.688082+00:00,1,,,546.5,4,445.5,-13,5,0,12.5,3,0,0,5,2,1,13,3,0,0,0,0,0,,,,,0,19,19,5,5,1,13,13,26,13,15,1,13,3,0,0,,0,10,10,2ewsl8vx,,,,,,0
5,l82r9qio,,0,184,183,etfs2,Adios,128.200.135.218,2018-11-20 21:19:27.815337+00:00,1,,,611,5,519,13,0,0,1,1,0,0,0,1,-1,1,1,1,1,0,0,0,,,,,0,19,19,0,0,1,13,13,26,13,15,1,13,3,0,0,,0,10,10,2ewsl8vx,,,,,,0
6,tahi8fye,,0,184,183,etfs2,Adios,128.200.135.216,2018-11-20 21:19:28.903690+00:00,1,,,440.5,6,318.5,78,14,-6,8,25,14,13,8,0,0,8,2,0,0,0,0,0,,,,,0,-36,-36,8,8,1,13,13,26,13,15,1,13,3,0,0,,0,10,10,2ewsl8vx,,,,,,0
7,8pgfljl9,,0,184,183,etfs2,Adios,128.200.135.209,2018-11-20 21:19:29.811126+00:00,1,,,870.5,7,7,0,0,0,0,0,0,0,0,41,0,0,0,0,0,0,0,0,,,,,0,115,115,0,0,1,13,13,26,13,15,1,13,3,0,0,,0,10,10,2ewsl8vx,,,,,,0
8,bhjbhlc2,,0,184,183,etfs2,Adios,128.200.135.199,2018-11-20 21:19:32.253212+00:00,1,,,676.5,8,248.5,0,17,0,12.1,3,0,0,17,8,0,13,2,0,0,0,0,0,,,,,0,24,24,17,17,1,13,13,26,13,15,1,13,3,0,0,,0,10,10,2ewsl8vx,,,,,,0
9,etl5at8q,,0,184,183,etfs2,Adios,128.200.135.201,2018-11-20 21:19:40.930516+00:00,1,,,455.5,9,391,-130,6,10,19,10,2,14,16,2,0,9,8,0,0,0,0,0,,,,,0,57,57,16,16,1,13,13,26,13,15,1,13,3,0,0,,0,10,10,2ewsl8vx,,,,,,0
1,fa60giax,,0,184,183,etfs2,Adios,128.200.135.206,2018-11-20 21:19:26.309222+00:00,1,,,586,1,537,-45,2,0,6,12,0,0,-2,1,3,15,4,1,50,8,0,0,,,,,0,-11,-11,6,6,1,13,15,28,13,11,-1,15,3,2,0,,0,11,11,2ewsl8vx,,,,,,0
2,i3rbxb92,,0,184,183,etfs2,Adios,128.200.135.208,2018-11-20 21:19:26.539802+00:00,1,,,554.5,2,361.5,15,12,0,5,1,3,20,-12,5,-1,12,2,1,10,8,0,0,,,,,0,7,7,-4,-4,1,13,15,28,13,11,-1,15,3,2,0,,0,11,11,2ewsl8vx,,,,,,0
3,jap3dlok,,0,184,183,etfs2,Adios,128.200.135.212,2018-11-20 21:19:26.866715+00:00,1,,,557,3,572,-13,0,1,13,20,0,0,-1,0,0,13,20,0,0,0,0,0,,,,,0,-13,-13,-1,-1,1,13,15,28,13,11,-1,15,3,2,0,,0,11,11,2ewsl8vx,,,,,,0
4,90rav3se,,0,184,183,etfs2,Adios,128.200.135.214,2018-11-20 21:19:27.688082+00:00,1,,,546.5,4,432.5,30,5,0,0,0,2,14,-5,3,-2,0,0,2,14,2,0,0,,,,,0,16,16,-3,-3,1,13,15,28,13,11,-1,15,3,2,0,,0,11,11,2ewsl8vx,,,,,,0
5,l82r9qio,,0,184,183,etfs2,Adios,128.200.135.218,2018-11-20 21:19:27.815337+00:00,1,,,611,5,532,0,0,0,0,0,0,0,0,0,0,0,0,0,0,0,0,0,,,,,0,19,19,0,0,1,13,15,28,13,11,-1,15,3,2,0,,0,11,11,2ewsl8vx,,,,,,0
6,tahi8fye,,0,184,183,etfs2,Adios,128.200.135.216,2018-11-20 21:19:28.903690+00:00,1,,,440.5,6,396.5,0,8,0,8,25,8,15,-8,0,0,8,4,0,0,0,0,0,,,,,0,-44,-44,-8,-8,1,13,15,28,13,11,-1,15,3,2,0,,0,11,11,2ewsl8vx,,,,,,0
7,8pgfljl9,,0,184,183,etfs2,Adios,128.200.135.209,2018-11-20 21:19:29.811126+00:00,1,,,870.5,7,7,0,0,0,0,0,0,0,0,41,0,0,0,0,0,82,0,0,,,,,0,197,197,82,82,1,13,15,28,13,11,-1,15,3,2,0,,0,11,11,2ewsl8vx,,,,,,0
8,bhjbhlc2,,0,184,183,etfs2,Adios,128.200.135.199,2018-11-20 21:19:32.253212+00:00,1,,,676.5,8,248.5,39,17,-3,0,0,3,13,-14,8,0,0,0,0,0,16,0,0,,,,,0,26,26,2,2,1,13,15,28,13,11,-1,15,3,2,0,,0,11,11,2ewsl8vx,,,,,,0
9,etl5at8q,,0,184,183,etfs2,Adios,128.200.135.201,2018-11-20 21:19:40.930516+00:00,1,,,455.5,9,261,-26,16,2,13,10,8,10,-18,2,0,10,8,0,0,4,0,0,,,,,0,43,43,-14,-14,1,13,15,28,13,11,-1,15,3,2,0,,0,11,11,2ewsl8vx,,,,,,0
1,fa60giax,,0,184,183,etfs2,Adios,128.200.135.206,2018-11-20 21:19:26.309222+00:00,1,,,586,1,492,-95,2,7,12,7,0,0,-9,4,1,18,3,0,0,10,0,0,,,,,0,-10,-10,1,1,1,11,18,29,11,8,-1,18,1,2,0,,0,12,12,2ewsl8vx,,,,,,0
2,i3rbxb92,,0,184,183,etfs2,Adios,128.200.135.208,2018-11-20 21:19:26.539802+00:00,1,,,554.5,2,376.5,7,12,1,20,1,2,12,-13,4,-1,15,2,1,5,6,0,0,,,,,0,0,0,-7,-7,1,11,18,29,11,8,-1,18,1,2,0,,0,12,12,2ewsl8vx,,,,,,0
3,jap3dlok,,0,184,183,etfs2,Adios,128.200.135.212,2018-11-20 21:19:26.866715+00:00,1,,,557,3,559,0,1,0,0,0,0,0,-1,0,0,15,3,0,0,0,0,0,,,,,0,-14,-14,-1,-1,1,11,18,29,11,8,-1,18,1,2,0,,0,12,12,2ewsl8vx,,,,,,0
4,90rav3se,,0,184,183,etfs2,Adios,128.200.135.214,2018-11-20 21:19:27.688082+00:00,1,,,546.5,4,462.5,0,5,0,0,0,0,0,-5,1,0,15,5,0,0,2,0,0,,,,,0,13,13,-3,-3,1,11,18,29,11,8,-1,18,1,2,0,,0,12,12,2ewsl8vx,,,,,,0
5,l82r9qio,,0,184,183,etfs2,Adios,128.200.135.218,2018-11-20 21:19:27.815337+00:00,1,,,611,5,532,0,0,0,0,0,0,0,0,0,0,0,0,0,0,0,0,0,,,,,0,19,19,0,0,1,11,18,29,11,8,-1,18,1,2,0,,0,12,12,2ewsl8vx,,,,,,0
6,tahi8fye,,0,184,183,etfs2,Adios,128.200.135.216,2018-11-20 21:19:28.903690+00:00,1,,,440.5,6,396.5,0,8,0,8,15,8,13,-8,0,0,8,15,0,0,0,0,0,,,,,0,-52,-52,-8,-8,1,11,18,29,11,8,-1,18,1,2,0,,0,12,12,2ewsl8vx,,,,,,0
7,8pgfljl9,,0,184,183,etfs2,Adios,128.200.135.209,2018-11-20 21:19:29.811126+00:00,1,,,870.5,7,7,0,0,0,0,0,0,0,0,41,0,0,0,0,0,82,0,0,,,,,0,279,279,82,82,1,11,18,29,11,8,-1,18,1,2,0,,0,12,12,2ewsl8vx,,,,,,0
8,bhjbhlc2,,0,184,183,etfs2,Adios,128.200.135.199,2018-11-20 21:19:32.253212+00:00,1,,,676.5,8,287.5,0,14,0,0,0,3,13,-14,8,0,0,0,0,0,16,0,0,,,,,0,28,28,2,2,1,11,18,29,11,8,-1,18,1,2,0,,0,12,12,2ewsl8vx,,,,,,0
9,etl5at8q,,0,184,183,etfs2,Adios,128.200.135.201,2018-11-20 21:19:40.930516+00:00,1,,,455.5,9,235,88,18,-8,0,0,8,10,-10,2,0,14,5,0,0,4,0,0,,,,,0,37,37,-6,-6,1,11,18,29,11,8,-1,18,1,2,0,,0,12,12,2ewsl8vx,,,,,,0
1,fa60giax,,0,184,183,etfs2,Adios,128.200.135.206,2018-11-20 21:19:26.309222+00:00,1,,,586,1,397,-17,9,0,0,0,0,0,-9,5,1,20,1,0,0,12,0,0,,,,,0,-7,-7,3,3,1,12,17,29,12,5,-1,17,5,2,0,,0,13,13,2ewsl8vx,,,,,,0
2,i3rbxb92,,0,184,183,etfs2,Adios,128.200.135.208,2018-11-20 21:19:26.539802+00:00,1,,,554.5,2,383.5,-12,13,1,15,1,5,15,-14,3,0,10,1,0,0,6,0,0,,,,,0,-8,-8,-8,-8,1,12,17,29,12,5,-1,17,5,2,0,,0,13,13,2ewsl8vx,,,,,,0
3,jap3dlok,,0,184,183,etfs2,Adios,128.200.135.212,2018-11-20 21:19:26.866715+00:00,1,,,557,3,559,0,1,0,6,10,0,0,-1,0,0,0,0,0,0,0,0,0,,,,,0,-15,-15,-1,-1,1,12,17,29,12,5,-1,17,5,2,0,,0,13,13,2ewsl8vx,,,,,,0
4,90rav3se,,0,184,183,etfs2,Adios,128.200.135.214,2018-11-20 21:19:27.688082+00:00,1,,,546.5,4,462.5,-116,5,4,12,4,0,0,-9,1,4,20,4,0,0,10,0,0,,,,,0,14,14,1,1,1,12,17,29,12,5,-1,17,5,2,0,,0,13,13,2ewsl8vx,,,,,,0
5,l82r9qio,,0,184,183,etfs2,Adios,128.200.135.218,2018-11-20 21:19:27.815337+00:00,1,,,611,5,532,0,0,0,0,0,0,0,0,0,0,0,1,0,0,0,0,0,,,,,0,19,19,0,0,1,12,17,29,12,5,-1,17,5,2,0,,0,13,13,2ewsl8vx,,,,,,0
6,tahi8fye,,0,184,183,etfs2,Adios,128.200.135.216,2018-11-20 21:19:28.903690+00:00,1,,,440.5,6,396.5,12,8,-1,9,40,8,12,-7,0,0,9,2,0,0,0,0,0,,,,,0,-59,-59,-7,-7,1,12,17,29,12,5,-1,17,5,2,0,,0,13,13,2ewsl8vx,,,,,,0
7,8pgfljl9,,0,184,183,etfs2,Adios,128.200.135.209,2018-11-20 21:19:29.811126+00:00,1,,,870.5,7,7,68,0,0,0,0,0,0,0,41,-4,0,0,11,17,74,0,0,,,,,0,353,353,74,74,1,12,17,29,12,5,-1,17,5,2,0,,0,13,13,2ewsl8vx,,,,,,0
8,bhjbhlc2,,0,184,183,etfs2,Adios,128.200.135.199,2018-11-20 21:19:32.253212+00:00,1,,,676.5,8,287.5,48,14,-4,0,0,4,10.5,-10,8,0,0,0,2,18,16,0,0,,,,,0,34,34,6,6,1,12,17,29,12,5,-1,17,5,2,0,,0,13,13,2ewsl8vx,,,,,,0
9,etl5at8q,,0,184,183,etfs2,Adios,128.200.135.201,2018-11-20 21:19:40.930516+00:00,1,,,455.5,9,323,17,10,0,11,10,0,0,-10,2,-1,0,0,1,16,2,0,0,,,,,0,29,29,-8,-8,1,12,17,29,12,5,-1,17,5,2,0,,0,13,13,2ewsl8vx,,,,,,0
1,fa60giax,,0,184,183,etfs2,Adios,128.200.135.206,2018-11-20 21:19:26.309222+00:00,1,,,586,1,380,0,9,0,0,0,0,0,9,6,0,0,0,2,60,0,0,0,,,,,0,2,2,9,9,1,13,17.5,30.5,13,10,1,17.5,10,0,0,,0,14,14,2ewsl8vx,,,,,,0
2,i3rbxb92,,0,184,183,etfs2,Adios,128.200.135.208,2018-11-20 21:19:26.539802+00:00,1,,,554.5,2,371.5,-70,14,0,10,2,6,50,14,3,4,25,5,1,15,0,0,0,,,,,0,6,6,14,14,1,13,17.5,30.5,13,10,1,17.5,10,0,0,,0,14,14,2ewsl8vx,,,,,,0
3,jap3dlok,,0,184,183,etfs2,Adios,128.200.135.212,2018-11-20 21:19:26.866715+00:00,1,,,557,3,559,0,1,0,0,0,1,13,1,0,0,0,0,0,0,0,0,0,,,,,0,-14,-14,1,1,1,13,17.5,30.5,13,10,1,17.5,10,0,0,,0,14,14,2ewsl8vx,,,,,,0
4,90rav3se,,0,184,183,etfs2,Adios,128.200.135.214,2018-11-20 21:19:27.688082+00:00,1,,,546.5,4,346.5,13,9,-1,0,0,5,13,8,5,0,0,0,2,18,0,0,0,,,,,0,22,22,8,8,1,13,17.5,30.5,13,10,1,17.5,10,0,0,,0,14,14,2ewsl8vx,,,,,,0
5,l82r9qio,,0,184,183,etfs2,Adios,128.200.135.218,2018-11-20 21:19:27.815337+00:00,1,,,611,5,532,0,0,0,0,0,0,0,0,0,0,0,0,0,0,0,0,0,,,,,0,19,19,0,0,1,13,17.5,30.5,13,10,1,17.5,10,0,0,,0,14,14,2ewsl8vx,,,,,,0
6,tahi8fye,,0,184,183,etfs2,Adios,128.200.135.216,2018-11-20 21:19:28.903690+00:00,1,,,440.5,6,408.5,91,7,-7,9,30,7,12,0,0,0,9,10,0,0,0,0,0,,,,,0,-59,-59,0,0,1,13,17.5,30.5,13,10,1,17.5,10,0,0,,0,14,14,2ewsl8vx,,,,,,0
7,8pgfljl9,,0,184,183,etfs2,Adios,128.200.135.209,2018-11-20 21:19:29.811126+00:00,1,,,870.5,7,75,122.5,0,0,0,0,0,0,0,37,-7,0,0,7,17,0,0,0,,,,,0,353,353,0,0,1,13,17.5,30.5,13,10,1,17.5,10,0,0,,0,14,14,2ewsl8vx,,,,,,0
8,bhjbhlc2,,0,184,183,etfs2,Adios,128.200.135.199,2018-11-20 21:19:32.253212+00:00,1,,,676.5,8,335.5,61,10,-2,0,0,2,11.5,8,8,-2,0,0,2,16.5,0,0,0,,,,,0,42,42,8,8,1,13,17.5,30.5,13,10,1,17.5,10,0,0,,0,14,14,2ewsl8vx,,,,,,0
9,etl5at8q,,0,184,183,etfs2,Adios,128.200.135.201,2018-11-20 21:19:40.930516+00:00,1,,,455.5,9,340,-217.5,10,10,15,10,0,0,20,1,5,18,5,0,0,0,0,0,,,,,0,49,49,20,20,1,13,17.5,30.5,13,10,1,17.5,10,0,0,,0,14,14,2ewsl8vx,,,,,,0
1,fa60giax,,0,184,183,etfs2,Adios,128.200.135.206,2018-11-20 21:19:26.309222+00:00,1,,,586,1,380,-90,9,5,12,6,0,0,14,6,2,17,2,2,30,0,0,0,,,,,0,526,526,524,524,1,12,15,27,12,10,1,15,4,0,0,,0,15,15,2ewsl8vx,,,,,,0
2,i3rbxb92,,0,184,183,etfs2,Adios,128.200.135.208,2018-11-20 21:19:26.539802+00:00,1,,,554.5,2,301.5,-30,14,0,5,1,2,25,14,7,2,25,2,2,15,0,0,0,,,,,0,521.5,521.5,515.5,515.5,1,12,15,27,12,10,1,15,4,0,0,,0,15,15,2ewsl8vx,,,,,,0
3,jap3dlok,,0,184,183,etfs2,Adios,128.200.135.212,2018-11-20 21:19:26.866715+00:00,1,,,557,3,559,12,1,-1,0,0,1,12,0,0,0,0,0,0,0,0,0,0,,,,,0,557,557,571,571,1,12,15,27,12,10,1,15,4,0,0,,0,15,15,2ewsl8vx,,,,,,0
4,90rav3se,,0,184,183,etfs2,Adios,128.200.135.214,2018-11-20 21:19:27.688082+00:00,1,,,546.5,4,359.5,0,8,0,0,0,3,14,8,5,0,0,0,0,0,0,0,0,,,,,0,519.5,519.5,497.5,497.5,1,12,15,27,12,10,1,15,4,0,0,,0,15,15,2ewsl8vx,,,,,,0
5,l82r9qio,,0,184,183,etfs2,Adios,128.200.135.218,2018-11-20 21:19:27.815337+00:00,1,,,611,5,532,0,0,0,0,0,0,0,0,0,0,0,0,0,0,0,0,0,,,,,0,551,551,532,532,1,12,15,27,12,10,1,15,4,0,0,,0,15,15,2ewsl8vx,,,,,,0
6,tahi8fye,,0,184,183,etfs2,Adios,128.200.135.216,2018-11-20 21:19:28.903690+00:00,1,,,440.5,6,499.5,0,0,0,9.99,25,0,0,0,0,0,9.99,25,0,0,0,0,0,,,,,0,440.5,440.5,499.5,499.5,1,12,15,27,12,10,1,15,4,0,0,,0,15,15,2ewsl8vx,,,,,,0
7,8pgfljl9,,0,184,183,etfs2,Adios,128.200.135.209,2018-11-20 21:19:29.811126+00:00,1,,,870.5,7,197.5,60,0,0,0,0,0,0,0,30,-4,0,0,30,15,0,0,0,,,,,0,870.5,870.5,517.5,517.5,1,12,15,27,12,10,1,15,4,0,0,,0,15,15,2ewsl8vx,,,,,,0
8,bhjbhlc2,,0,184,183,etfs2,Adios,128.200.135.199,2018-11-20 21:19:32.253212+00:00,1,,,676.5,8,396.5,0,8,0,0,0,8,12.5,8,6,0,0,0,6,16.5,0,0,0,,,,,0,586.5,586.5,544.5,544.5,1,12,15,27,12,10,1,15,4,0,0,,0,15,15,2ewsl8vx,,,,,,0
9,etl5at8q,,0,184,183,etfs2,Adios,128.200.135.201,2018-11-20 21:19:40.930516+00:00,1,,,455.5,9,122.5,48,20,-4,12,5,9,10,16,6,0,0,0,4,19,0,0,0,,,,,0,455.5,455.5,406.5,406.5,1,12,15,27,12,10,1,15,4,0,0,,0,15,15,2ewsl8vx,,,,,,0
1,fa60giax,,0,184,183,etfs2,Adios,128.200.135.206,2018-11-20 21:19:26.309222+00:00,1,,,586,1,440,0,8,0,0,0,2,80,8,2,0,0,0,1,80,-2,0,0,,,,,0,6,526,6,0,1,11,15,26,11,1,1,15,3,-1,0,,0,16,1,2ewsl8vx,,,,,,0
2,i3rbxb92,,0,184,183,etfs2,Adios,128.200.135.208,2018-11-20 21:19:26.539802+00:00,1,,,554.5,2,440,30,8,0,10,2,2,25,8,2,-2,5,1,2,15,0,0,0,,,,,0,8,521.5,8,0,1,11,15,26,11,1,1,15,3,-1,0,,0,16,1,2ewsl8vx,,,,,,0
3,jap3dlok,,0,184,183,etfs2,Adios,128.200.135.212,2018-11-20 21:19:26.866715+00:00,1,,,557,3,440,0,8,0,8.75,25,0,0,8,2,0,8.75,25,0,0,-2,0,0,,,,,0,6,557,6,0,1,11,15,26,11,1,1,15,3,-1,0,,0,16,1,2ewsl8vx,,,,,,0
4,90rav3se,,0,184,183,etfs2,Adios,128.200.135.214,2018-11-20 21:19:27.688082+00:00,1,,,546.5,4,396,0,2,0,10,6,0,0,2,8,0,10,2,0,0,-8,0,0,,,,,0,-6,519.5,-6,0,1,11,15,26,11,1,1,15,3,-1,0,,0,16,1,2ewsl8vx,,,,,,0
5,l82r9qio,,0,184,183,etfs2,Adios,128.200.135.218,2018-11-20 21:19:27.815337+00:00,1,,,611,5,396,26,2,-1,1,1,1,1,1,8,-1,1,1,1,1,-7,0,0,,,,,0,-6,551,-6,0,1,11,15,26,11,1,1,15,3,-1,0,,0,16,1,2ewsl8vx,,,,,,0
6,tahi8fye,,0,184,183,etfs2,Adios,128.200.135.216,2018-11-20 21:19:28.903690+00:00,1,,,440.5,6,396,0,2,0,9,20,2,15,2,8,0,12,10,0,0,-8,0,0,,,,,0,-6,440.5,-6,0,1,11,15,26,11,1,1,15,3,-1,0,,0,16,1,2ewsl8vx,,,,,,0
7,8pgfljl9,,0,184,183,etfs2,Adios,128.200.135.209,2018-11-20 21:19:29.811126+00:00,1,,,870.5,7,280,-45,10,0,0,0,10,15,10,10,3,15,18,0,0,-13,0,0,,,,,0,-3,870.5,-3,0,1,11,15,26,11,1,1,15,3,-1,0,,0,16,1,2ewsl8vx,,,,,,0
8,bhjbhlc2,,0,184,183,etfs2,Adios,128.200.135.199,2018-11-20 21:19:32.253212+00:00,1,,,676.5,8,280,0,10,0,10,5,0,0,10,10,0,10,5,0,0,-10,0,0,,,,,0,0,586.5,0,0,1,11,15,26,11,1,1,15,3,-1,0,,0,16,1,2ewsl8vx,,,,,,0
9,etl5at8q,,0,184,183,etfs2,Adios,128.200.135.201,2018-11-20 21:19:40.930516+00:00,1,,,455.5,9,280,-11,10,1,11,10,0,0,11,10,0,15,5,5,20,-10,0,0,,,,,0,1,455.5,1,0,1,11,15,26,11,1,1,15,3,-1,0,,0,16,1,2ewsl8vx,,,,,,0
1,fa60giax,,0,184,183,etfs2,Adios,128.200.135.206,2018-11-20 21:19:26.309222+00:00,1,,,586,1,440,-65,8,5,15,5,0,0,13,2,0,0,0,1,25,-2,0,0,,,,,0,17,526,11,0,1,13,15,28,13,15,1,15,16,-1,0,,0,17,2,2ewsl8vx,,,,,,0
2,i3rbxb92,,0,184,183,etfs2,Adios,128.200.135.208,2018-11-20 21:19:26.539802+00:00,1,,,554.5,2,470,-82,8,4,50,4,2,25,12,0,2,15,2,0,15,-2,0,0,,,,,0,18,521.5,10,0,1,13,15,28,13,15,1,15,16,-1,0,,0,17,2,2ewsl8vx,,,,,,0
3,jap3dlok,,0,184,183,etfs2,Adios,128.200.135.212,2018-11-20 21:19:26.866715+00:00,1,,,557,3,440,0,8,0,9.5,20,0,0,8,2,0,9.5,20,0,0,-2,0,0,,,,,0,12,557,6,0,1,13,15,28,13,15,1,15,16,-1,0,,0,17,2,2ewsl8vx,,,,,,0
4,90rav3se,,0,184,183,etfs2,Adios,128.200.135.214,2018-11-20 21:19:27.688082+00:00,1,,,546.5,4,396,45,2,0,12,3,0,0,2,8,-3,0,0,3,15,-5,0,0,,,,,0,-9,519.5,-3,0,1,13,15,28,13,15,1,15,16,-1,0,,0,17,2,2ewsl8vx,,,,,,0
5,l82r9qio,,0,184,183,etfs2,Adios,128.200.135.218,2018-11-20 21:19:27.815337+00:00,1,,,611,5,422,28,1,-1,1,1,1,2,0,7,-1,1,1,1,2,-6,0,0,,,,,0,-12,551,-6,0,1,13,15,28,13,15,1,15,16,-1,0,,0,17,2,2ewsl8vx,,,,,,0
6,tahi8fye,,0,184,183,etfs2,Adios,128.200.135.216,2018-11-20 21:19:28.903690+00:00,1,,,440.5,6,396,146,2,-2,11,15,2,13,0,8,-8,14,15,8,15,0,0,0,,,,,0,-6,440.5,0,0,1,13,15,28,13,15,1,15,16,-1,0,,0,17,2,2ewsl8vx,,,,,,0
7,8pgfljl9,,0,184,183,etfs2,Adios,128.200.135.209,2018-11-20 21:19:29.811126+00:00,1,,,870.5,7,235,-5,10,-10,0,0,10,12,0,13,9,15,15,0,0,-22,0,0,,,,,0,-25,870.5,-22,0,1,13,15,28,13,15,1,15,16,-1,0,,0,17,2,2ewsl8vx,,,,,,0
8,bhjbhlc2,,0,184,183,etfs2,Adios,128.200.135.199,2018-11-20 21:19:32.253212+00:00,1,,,676.5,8,280,0,10,0,12,5,0,0,10,10,0,0,0,0,0,-10,0,0,,,,,0,0,586.5,0,0,1,13,15,28,13,15,1,15,16,-1,0,,0,17,2,2ewsl8vx,,,,,,0
9,etl5at8q,,0,184,183,etfs2,Adios,128.200.135.201,2018-11-20 21:19:40.930516+00:00,1,,,455.5,9,269,-67,11,4,13,8,2,10,15,10,1,15,5,4,15,-11,0,0,,,,,0,5,455.5,4,0,1,13,15,28,13,15,1,15,16,-1,0,,0,17,2,2ewsl8vx,,,,,,0
1,fa60giax,,0,184,183,etfs2,Adios,128.200.135.206,2018-11-20 21:19:26.309222+00:00,1,,,586,1,375,0,13,0,12,10,0,0,-13,2,0,12,10,0,0,2,0,0,,,,,0,6,526,-11,0,1,14.25,17,31.25,14.25,5,-1,17,7,1,0,,0,18,3,2ewsl8vx,,,,,,0
2,i3rbxb92,,0,184,183,etfs2,Adios,128.200.135.208,2018-11-20 21:19:26.539802+00:00,1,,,554.5,2,388,-11.5,12,2,25,2,4,50,-14,2,-1,15,2,1,15,1,0,0,,,,,0,5,521.5,-13,0,1,14.25,17,31.25,14.25,5,-1,17,7,1,0,,0,18,3,2ewsl8vx,,,,,,0
3,jap3dlok,,0,184,183,etfs2,Adios,128.200.135.212,2018-11-20 21:19:26.866715+00:00,1,,,557,3,440,17,8,0,13,10,4,15,-8,2,-1,15.25,20,1,17,1,0,0,,,,,0,5,557,-7,0,1,14.25,17,31.25,14.25,5,-1,17,7,1,0,,0,18,3,2ewsl8vx,,,,,,0
4,90rav3se,,0,184,183,etfs2,Adios,128.200.135.214,2018-11-20 21:19:27.688082+00:00,1,,,546.5,4,441,-42.75,2,3,15,3,0,0,-5,5,0,15,3,0,0,5,0,0,,,,,0,-9,519.5,0,0,1,14.25,17,31.25,14.25,5,-1,17,7,1,0,,0,18,3,2ewsl8vx,,,,,,0
5,l82r9qio,,0,184,183,etfs2,Adios,128.200.135.218,2018-11-20 21:19:27.815337+00:00,1,,,611,5,450,17,0,0,0,0,0,0,0,6,-1,0,0,1,10,5,0,0,,,,,0,-7,551,5,0,1,14.25,17,31.25,14.25,5,-1,17,7,1,0,,0,18,3,2ewsl8vx,,,,,,0
6,tahi8fye,,0,184,183,etfs2,Adios,128.200.135.216,2018-11-20 21:19:28.903690+00:00,1,,,440.5,6,542,0,0,0,9,20,0,0,0,0,0,9,20,0,0,0,0,0,,,,,0,-6,440.5,0,0,1,14.25,17,31.25,14.25,5,-1,17,7,1,0,,0,18,3,2ewsl8vx,,,,,,0
7,8pgfljl9,,0,184,183,etfs2,Adios,128.200.135.209,2018-11-20 21:19:29.811126+00:00,1,,,870.5,7,230,0,0,0,0,0,0,0,0,22,0,15,15,0,0,22,0,0,,,,,0,-3,870.5,22,0,1,14.25,17,31.25,14.25,5,-1,17,7,1,0,,0,18,3,2ewsl8vx,,,,,,0
8,bhjbhlc2,,0,184,183,etfs2,Adios,128.200.135.199,2018-11-20 21:19:32.253212+00:00,1,,,676.5,8,280,0,10,0,13.5,5,0,0,-10,10,0,15,5,0,0,10,0,0,,,,,0,0,586.5,0,0,1,14.25,17,31.25,14.25,5,-1,17,7,1,0,,0,18,3,2ewsl8vx,,,,,,0
9,etl5at8q,,0,184,183,etfs2,Adios,128.200.135.201,2018-11-20 21:19:40.930516+00:00,1,,,455.5,9,202,20.25,15,-5,12,5,5,9,-10,11,3,17,8,4,15,14,0,0,,,,,0,9,455.5,4,0,1,14.25,17,31.25,14.25,5,-1,17,7,1,0,,0,18,3,2ewsl8vx,,,,,,0
1,fa60giax,,0,184,183,etfs2,Adios,128.200.135.206,2018-11-20 21:19:26.309222+00:00,1,,,586,1,375,75,13,-5,15,5,5,15,8,2,0,10,4,0,0,-2,0,0,,,,,0,12,526,6,0,1,15,16.25,31.25,15,5,1,16.25,10,-1,0,,0,19,4,2ewsl8vx,,,,,,0
2,i3rbxb92,,0,184,183,etfs2,Adios,128.200.135.208,2018-11-20 21:19:26.539802+00:00,1,,,554.5,2,376.5,16.25,14,0,10,1,10,50,14,1,-1,15,3,1,10,0,0,0,,,,,0,19,521.5,14,0,1,15,16.25,31.25,15,5,1,16.25,10,-1,0,,0,19,4,2ewsl8vx,,,,,,0
3,jap3dlok,,0,184,183,etfs2,Adios,128.200.135.212,2018-11-20 21:19:26.866715+00:00,1,,,557,3,457,-192.5,8,2,15,10,0,0,10,1,10,18,10,0,0,-11,0,0,,,,,0,4,557,-1,0,1,15,16.25,31.25,15,5,1,16.25,10,-1,0,,0,19,4,2ewsl8vx,,,,,,0
4,90rav3se,,0,184,183,etfs2,Adios,128.200.135.214,2018-11-20 21:19:27.688082+00:00,1,,,546.5,4,398.25,0,5,0,0,0,0,0,5,5,0,0,0,2,17,-5,0,0,,,,,0,-9,519.5,0,0,1,15,16.25,31.25,15,5,1,16.25,10,-1,0,,0,19,4,2ewsl8vx,,,,,,0
5,l82r9qio,,0,184,183,etfs2,Adios,128.200.135.218,2018-11-20 21:19:27.815337+00:00,1,,,611,5,467,32.5,0,0,0,0,0,0,0,5,-2,0,0,2,10,-3,0,0,,,,,0,-10,551,-3,0,1,15,16.25,31.25,15,5,1,16.25,10,-1,0,,0,19,4,2ewsl8vx,,,,,,0
6,tahi8fye,,0,184,183,etfs2,Adios,128.200.135.216,2018-11-20 21:19:28.903690+00:00,1,,,440.5,6,542,0,0,0,10,20,0,0,0,0,0,10,20,0,0,0,0,0,,,,,0,-6,440.5,0,0,1,15,16.25,31.25,15,5,1,16.25,10,-1,0,,0,19,4,2ewsl8vx,,,,,,0
7,8pgfljl9,,0,184,183,etfs2,Adios,128.200.135.209,2018-11-20 21:19:29.811126+00:00,1,,,870.5,7,230,0,0,0,0,0,0,0,0,22,0,15,15,0,0,-22,0,0,,,,,0,-25,870.5,-22,0,1,15,16.25,31.25,15,5,1,16.25,10,-1,0,,0,19,4,2ewsl8vx,,,,,,0
8,bhjbhlc2,,0,184,183,etfs2,Adios,128.200.135.199,2018-11-20 21:19:32.253212+00:00,1,,,676.5,8,280,-45,10,3,15,3,0,0,13,10,0,0,0,3,16.5,-10,0,0,,,,,0,3,586.5,3,0,1,15,16.25,31.25,15,5,1,16.25,10,-1,0,,0,19,4,2ewsl8vx,,,,,,0
9,etl5at8q,,0,184,183,etfs2,Adios,128.200.135.201,2018-11-20 21:19:40.930516+00:00,1,,,455.5,9,222.25,113.75,10,0,15,8,0,0,10,14,-7,0,0,7,16,-7,0,0,,,,,0,12,455.5,3,0,1,15,16.25,31.25,15,5,1,16.25,10,-1,0,,0,19,4,2ewsl8vx,,,,,,0
1,fa60giax,,0,184,183,etfs2,Adios,128.200.135.206,2018-11-20 21:19:26.309222+00:00,1,,,586,1,450,-40,8,2,20,7,0,0,10,2,0,15,9,0,0,-2,0,0,,,,,0,20,526,8,0,1,20,16,36,20,3,1,16,3,-1,0,,0,20,5,2ewsl8vx,,,,,,0
2,i3rbxb92,,0,184,183,etfs2,Adios,128.200.135.208,2018-11-20 21:19:26.539802+00:00,1,,,554.5,2,392.75,-20,14,1,25,1,6,35,15,0,0,15,4,0,0,0,0,0,,,,,0,34,521.5,15,0,1,20,16,36,20,3,1,16,3,-1,0,,0,20,5,2ewsl8vx,,,,,,0
3,jap3dlok,,0,184,183,etfs2,Adios,128.200.135.212,2018-11-20 21:19:26.866715+00:00,1,,,557,3,264.5,20,10,-1,13,5,1,16,9,11,0,14,5,2,17,-11,0,0,,,,,0,2,557,-2,0,1,20,16,36,20,3,1,16,3,-1,0,,0,20,5,2ewsl8vx,,,,,,0
4,90rav3se,,0,184,183,etfs2,Adios,128.200.135.214,2018-11-20 21:19:27.688082+00:00,1,,,546.5,4,398.25,40,5,-2,0,0,2,14.5,3,5,0,0,0,2,16,-5,0,0,,,,,0,-11,519.5,-2,0,1,20,16,36,20,3,1,16,3,-1,0,,0,20,5,2ewsl8vx,,,,,,0
5,l82r9qio,,0,184,183,etfs2,Adios,128.200.135.218,2018-11-20 21:19:27.815337+00:00,1,,,611,5,499.5,32,0,0,0,0,0,0,0,3,-2,0,0,2,15,-1,0,0,,,,,0,-11,551,-1,0,1,20,16,36,20,3,1,16,3,-1,0,,0,20,5,2ewsl8vx,,,,,,0
6,tahi8fye,,0,184,183,etfs2,Adios,128.200.135.216,2018-11-20 21:19:28.903690+00:00,1,,,440.5,6,542,0,0,0,10,30,0,0,0,0,0,11,12,0,0,0,0,0,,,,,0,-6,440.5,0,0,1,20,16,36,20,3,1,16,3,-1,0,,0,20,5,2ewsl8vx,,,,,,0
7,8pgfljl9,,0,184,183,etfs2,Adios,128.200.135.209,2018-11-20 21:19:29.811126+00:00,1,,,870.5,7,230,0,0,0,0,0,0,0,0,22,0,15,15,0,0,-22,0,0,,,,,0,-47,870.5,-22,0,1,20,16,36,20,3,1,16,3,-1,0,,0,20,5,2ewsl8vx,,,,,,0
8,bhjbhlc2,,0,184,183,etfs2,Adios,128.200.135.199,2018-11-20 21:19:32.253212+00:00,1,,,676.5,8,235,16,13,0,15.1,3,0,0,13,10,-1,0,0,3,16,-9,0,0,,,,,0,7,586.5,4,0,1,20,16,36,20,3,1,16,3,-1,0,,0,20,5,2ewsl8vx,,,,,,0
9,etl5at8q,,0,184,183,etfs2,Adios,128.200.135.201,2018-11-20 21:19:40.930516+00:00,1,,,455.5,9,336,-48,10,0,15,15,0,0,10,7,3,17,3,0,0,-10,0,0,,,,,0,12,455.5,0,0,1,20,16,36,20,3,1,16,3,-1,0,,0,20,5,2ewsl8vx,,,,,,0
1,fa60giax,,0,184,183,etfs2,Adios,128.200.135.206,2018-11-20 21:19:26.309222+00:00,1,,,586,1,410,0,10,0,9,2,0,0,10,2,0,0,0,0,0,-2,0,0,,,,,0,28,526,8,0,1,20,16,36,20,6,1,16,6,-1,0,,0,21,6,2ewsl8vx,,,,,,0
2,i3rbxb92,,0,184,183,etfs2,Adios,128.200.135.208,2018-11-20 21:19:26.539802+00:00,1,,,554.5,2,372.75,-52,15,1,25,1,6,50,16,0,2,25,2,0,0,-2,0,0,,,,,0,48,521.5,14,0,1,20,16,36,20,6,1,16,6,-1,0,,0,21,6,2ewsl8vx,,,,,,0
3,jap3dlok,,0,184,183,etfs2,Adios,128.200.135.212,2018-11-20 21:19:26.866715+00:00,1,,,557,3,284.5,60,9,-3,10,2,3,18,6,11,0,14,5,0,0,-11,0,0,,,,,0,-3,557,-5,0,1,20,16,36,20,6,1,16,6,-1,0,,0,21,6,2ewsl8vx,,,,,,0
4,90rav3se,,0,184,183,etfs2,Adios,128.200.135.214,2018-11-20 21:19:27.688082+00:00,1,,,546.5,4,438.25,0,3,0,0,0,0,0,3,5,0,0,0,2,17,-5,0,0,,,,,0,-13,519.5,-2,0,1,20,16,36,20,6,1,16,6,-1,0,,0,21,6,2ewsl8vx,,,,,,0
5,l82r9qio,,0,184,183,etfs2,Adios,128.200.135.218,2018-11-20 21:19:27.815337+00:00,1,,,611,5,531.5,0,0,0,0,0,0,0,0,1,0,0,0,1,20,-1,0,0,,,,,0,-12,551,-1,0,1,20,16,36,20,6,1,16,6,-1,0,,0,21,6,2ewsl8vx,,,,,,0
6,tahi8fye,,0,184,183,etfs2,Adios,128.200.135.216,2018-11-20 21:19:28.903690+00:00,1,,,440.5,6,542,0,0,0,12,25,0,0,0,0,0,12,10,0,0,0,0,0,,,,,0,-6,440.5,0,0,1,20,16,36,20,6,1,16,6,-1,0,,0,21,6,2ewsl8vx,,,,,,0
7,8pgfljl9,,0,184,183,etfs2,Adios,128.200.135.209,2018-11-20 21:19:29.811126+00:00,1,,,870.5,7,230,-32,0,0,0,0,0,0,0,22,2,16,14,0,0,-24,0,0,,,,,0,-71,870.5,-24,0,1,20,16,36,20,6,1,16,6,-1,0,,0,21,6,2ewsl8vx,,,,,,0
8,bhjbhlc2,,0,184,183,etfs2,Adios,128.200.135.199,2018-11-20 21:19:32.253212+00:00,1,,,676.5,8,251,76,13,-3,0,0,3,18.8,10,9,-1,0,0,1,15.8,-8,0,0,,,,,0,9,586.5,2,0,1,20,16,36,20,6,1,16,6,-1,0,,0,21,6,2ewsl8vx,,,,,,0
9,etl5at8q,,0,184,183,etfs2,Adios,128.200.135.201,2018-11-20 21:19:40.930516+00:00,1,,,455.5,9,288,-52,10,5,20,10,0,0,15,10,-3,17,2,5,9,-7,0,0,,,,,0,20,455.5,8,0,1,20,16,36,20,6,1,16,6,-1,0,,0,21,6,2ewsl8vx,,,,,,0
1,fa60giax,,0,184,183,etfs2,Adios,128.200.135.206,2018-11-20 21:19:26.309222+00:00,1,,,586,1,410,-140,10,3,20,6,0,0,-13,2,5,17,5,0,0,7,0,0,,,,,0,22,526,-6,0,1,20,16,36,20,4,-1,16,10,1,0,,0,22,7,2ewsl8vx,,,,,,0
2,i3rbxb92,,0,184,183,etfs2,Adios,128.200.135.208,2018-11-20 21:19:26.539802+00:00,1,,,554.5,2,320.75,-4,16,1,25,1,8,50,-17,2,-1,15,2,1,15,1,0,0,,,,,0,32,521.5,-16,0,1,20,16,36,20,4,-1,16,10,1,0,,0,22,7,2ewsl8vx,,,,,,0
3,jap3dlok,,0,184,183,etfs2,Adios,128.200.135.212,2018-11-20 21:19:26.866715+00:00,1,,,557,3,344.5,16,6,0,15,2,1,22,-6,11,-1,14,2,1,16,10,0,0,,,,,0,1,557,4,0,1,20,16,36,20,4,-1,16,10,1,0,,0,22,7,2ewsl8vx,,,,,,0
4,90rav3se,,0,184,183,etfs2,Adios,128.200.135.214,2018-11-20 21:19:27.688082+00:00,1,,,546.5,4,438.25,68,3,-1,0,0,1,20,-2,5,-3,0,0,3,15,2,0,0,,,,,0,-13,519.5,0,0,1,20,16,36,20,4,-1,16,10,1,0,,0,22,7,2ewsl8vx,,,,,,0
5,l82r9qio,,0,184,183,etfs2,Adios,128.200.135.218,2018-11-20 21:19:27.815337+00:00,1,,,611,5,531.5,16,0,0,0,0,0,0,0,1,-1,0,0,1,15,0,0,0,,,,,0,-12,551,0,0,1,20,16,36,20,4,-1,16,10,1,0,,0,22,7,2ewsl8vx,,,,,,0
6,tahi8fye,,0,184,183,etfs2,Adios,128.200.135.216,2018-11-20 21:19:28.903690+00:00,1,,,440.5,6,542,0,0,0,1,250,0,0,0,0,0,1,250,0,0,0,0,0,,,,,0,-6,440.5,0,0,1,20,16,36,20,4,-1,16,10,1,0,,0,22,7,2ewsl8vx,,,,,,0
7,8pgfljl9,,0,184,183,etfs2,Adios,128.200.135.209,2018-11-20 21:19:29.811126+00:00,1,,,870.5,7,198,-80,0,0,0,0,0,0,0,24,5,16,12,0,0,29,0,0,,,,,0,-42,870.5,29,0,1,20,16,36,20,4,-1,16,10,1,0,,0,22,7,2ewsl8vx,,,,,,0
8,bhjbhlc2,,0,184,183,etfs2,Adios,128.200.135.199,2018-11-20 21:19:32.253212+00:00,1,,,676.5,8,327,76,10,-3,0,0,3,19.2,-7,8,-1,0,0,1,15.5,7,0,0,,,,,0,9,586.5,0,0,1,20,16,36,20,4,-1,16,10,1,0,,0,22,7,2ewsl8vx,,,,,,0
9,etl5at8q,,0,184,183,etfs2,Adios,128.200.135.201,2018-11-20 21:19:40.930516+00:00,1,,,455.5,9,236,48,15,0,20,7,5,25,-15,7,-3,15,5,3,12,4,0,0,,,,,0,9,455.5,-11,0,1,20,16,36,20,4,-1,16,10,1,0,,0,22,7,2ewsl8vx,,,,,,0
1,fa60giax,,0,184,183,etfs2,Adios,128.200.135.206,2018-11-20 21:19:26.309222+00:00,1,,,586,1,270,170,13,-4,18,4,4,20,-9,7,-3,0,0,3,10,8,0,0,,,,,0,21,526,-1,0,1,20,30,50,20,4,-1,30,4,2,0,,0,23,8,2ewsl8vx,,,,,,0
2,i3rbxb92,,0,184,183,etfs2,Adios,128.200.135.208,2018-11-20 21:19:26.539802+00:00,1,,,554.5,2,316.75,-90,17,0,15,1,8,50,-17,1,3,30,5,1,13,8,0,0,,,,,0,23,521.5,-9,0,1,20,30,50,20,4,-1,30,4,2,0,,0,23,8,2ewsl8vx,,,,,,0
3,jap3dlok,,0,184,183,etfs2,Adios,128.200.135.212,2018-11-20 21:19:26.866715+00:00,1,,,557,3,360.5,0,6,0,19.5,5,2,21,-6,10,0,15,5,0,0,20,0,0,,,,,0,15,557,14,0,1,20,30,50,20,4,-1,30,4,2,0,,0,23,8,2ewsl8vx,,,,,,0
4,90rav3se,,0,184,183,etfs2,Adios,128.200.135.214,2018-11-20 21:19:27.688082+00:00,1,,,546.5,4,506.25,-60,2,3,25,3,0,0,-5,2,0,17,2,0,0,4,0,0,,,,,0,-14,519.5,-1,0,1,20,30,50,20,4,-1,30,4,2,0,,0,23,8,2ewsl8vx,,,,,,0
5,l82r9qio,,0,184,183,etfs2,Adios,128.200.135.218,2018-11-20 21:19:27.815337+00:00,1,,,611,5,547.5,0,0,0,0,0,0,0,0,0,0,0,0,0,0,0,0,0,,,,,0,-12,551,0,0,1,20,30,50,20,4,-1,30,4,2,0,,0,23,8,2ewsl8vx,,,,,,0
6,tahi8fye,,0,184,183,etfs2,Adios,128.200.135.216,2018-11-20 21:19:28.903690+00:00,1,,,440.5,6,542,0,0,0,0,0,0,0,0,0,0,0,0,0,0,0,0,0,,,,,0,-6,440.5,0,0,1,20,30,50,20,4,-1,30,4,2,0,,0,23,8,2ewsl8vx,,,,,,0
7,8pgfljl9,,0,184,183,etfs2,Adios,128.200.135.209,2018-11-20 21:19:29.811126+00:00,1,,,870.5,7,118,0,0,0,0,0,0,0,0,29,0,16.01,7,0,0,58,0,0,,,,,0,16,870.5,58,0,1,20,30,50,20,4,-1,30,4,2,0,,0,23,8,2ewsl8vx,,,,,,0
8,bhjbhlc2,,0,184,183,etfs2,Adios,128.200.135.199,2018-11-20 21:19:32.253212+00:00,1,,,676.5,8,403,0,7,0,0,0,0,0,-7,7,0,16.2,3,0,0,14,0,0,,,,,0,16,586.5,7,0,1,20,30,50,20,4,-1,30,4,2,0,,0,23,8,2ewsl8vx,,,,,,0
9,etl5at8q,,0,184,183,etfs2,Adios,128.200.135.201,2018-11-20 21:19:40.930516+00:00,1,,,455.5,9,284,-20,15,1,20,5,0,0,-16,4,0,17,5,0,0,8,0,0,,,,,0,1,455.5,-8,0,1,20,30,50,20,4,-1,30,4,2,0,,0,23,8,2ewsl8vx,,,,,,0
1,fa60giax,,0,184,183,etfs2,Adios,128.200.135.206,2018-11-20 21:19:26.309222+00:00,1,,,586,1,440,0,9,0,5,10,0,0,-9,4,0,0,0,0,0,8,0,0,,,,,0,20,526,-1,0,1,20,27.5,47.5,20,10,-1,27.5,3,2,0,,0,24,9,2ewsl8vx,,,,,,0
2,i3rbxb92,,0,184,183,etfs2,Adios,128.200.135.208,2018-11-20 21:19:26.539802+00:00,1,,,554.5,2,226.75,195,17,-7,5,1,7,15,-10,4,-2,10,2,2,25,4,0,0,,,,,0,17,521.5,-6,0,1,20,27.5,47.5,20,10,-1,27.5,3,2,0,,0,24,9,2ewsl8vx,,,,,,0
3,jap3dlok,,0,184,183,etfs2,Adios,128.200.135.212,2018-11-20 21:19:26.866715+00:00,1,,,557,3,360.5,-60,6,3,20,15,2,20.25,-9,10,0,0,0,0,0,20,0,0,,,,,0,26,557,11,0,1,20,27.5,47.5,20,10,-1,27.5,3,2,0,,0,24,9,2ewsl8vx,,,,,,0
4,90rav3se,,0,184,183,etfs2,Adios,128.200.135.214,2018-11-20 21:19:27.688082+00:00,1,,,546.5,4,446.25,0,5,0,0,0,3,28,-5,2,0,0,0,0,0,4,0,0,,,,,0,-15,519.5,-1,0,1,20,27.5,47.5,20,10,-1,27.5,3,2,0,,0,24,9,2ewsl8vx,,,,,,0
5,l82r9qio,,0,184,183,etfs2,Adios,128.200.135.218,2018-11-20 21:19:27.815337+00:00,1,,,611,5,547.5,0,0,0,0,0,0,0,0,0,0,0,0,0,0,0,0,0,,,,,0,-12,551,0,0,1,20,27.5,47.5,20,10,-1,27.5,3,2,0,,0,24,9,2ewsl8vx,,,,,,0
6,tahi8fye,,0,184,183,etfs2,Adios,128.200.135.216,2018-11-20 21:19:28.903690+00:00,1,,,440.5,6,542,0,0,0,15,5,0,0,0,0,0,12,10,0,0,0,0,0,,,,,0,-6,440.5,0,0,1,20,27.5,47.5,20,10,-1,27.5,3,2,0,,0,24,9,2ewsl8vx,,,,,,0
7,8pgfljl9,,0,184,183,etfs2,Adios,128.200.135.209,2018-11-20 21:19:29.811126+00:00,1,,,870.5,7,118,0,0,0,0,0,0,0,0,29,0,16.01,7,0,0,58,0,0,,,,,0,74,870.5,58,0,1,20,27.5,47.5,20,10,-1,27.5,3,2,0,,0,24,9,2ewsl8vx,,,,,,0
8,bhjbhlc2,,0,184,183,etfs2,Adios,128.200.135.199,2018-11-20 21:19:32.253212+00:00,1,,,676.5,8,403,87.5,7,-3,0,0,3,18.9,-4,7,-1,0,0,2,27.5,12,0,0,,,,,0,24,586.5,8,0,1,20,27.5,47.5,20,10,-1,27.5,3,2,0,,0,24,9,2ewsl8vx,,,,,,0
9,etl5at8q,,0,184,183,etfs2,Adios,128.200.135.201,2018-11-20 21:19:40.930516+00:00,1,,,455.5,9,264,-222.5,16,7,21,7,0,0,-23,4,3,32,3,0,0,14,0,0,,,,,0,-8,455.5,-9,0,1,20,27.5,47.5,20,10,-1,27.5,3,2,0,,0,24,9,2ewsl8vx,,,,,,0
1,fa60giax,,0,184,183,etfs2,Adios,128.200.135.206,2018-11-20 21:19:26.309222+00:00,1,,,586,1,440,0,9,0,5,10,0,0,-9,4,0,10,2,0,0,8,0,0,,,,,0,19,526,-1,0,1,20,27.5,47.5,20,10,-1,0,0,2,0,,0,25,10,2ewsl8vx,,,,,,0
2,i3rbxb92,,0,184,183,etfs2,Adios,128.200.135.208,2018-11-20 21:19:26.539802+00:00,1,,,554.5,2,421.75,0,10,0,0,0,5,25,-10,2,0,0,0,2,35,4,0,0,,,,,0,11,521.5,-6,0,1,20,27.5,47.5,20,10,-1,0,0,2,0,,0,25,10,2ewsl8vx,,,,,,0
3,jap3dlok,,0,184,183,etfs2,Adios,128.200.135.212,2018-11-20 21:19:26.866715+00:00,1,,,557,3,300.5,0,9,0,19.5,10,2,20,-9,10,0,0,0,4,25,20,0,0,,,,,0,37,557,11,0,1,20,27.5,47.5,20,10,-1,0,0,2,0,,0,25,10,2ewsl8vx,,,,,,0
4,90rav3se,,0,184,183,etfs2,Adios,128.200.135.214,2018-11-20 21:19:27.688082+00:00,1,,,546.5,4,446.25,60,5,-3,0,0,3,17,-2,2,0,0,0,0,0,4,0,0,,,,,0,-13,519.5,2,0,1,20,27.5,47.5,20,10,-1,0,0,2,0,,0,25,10,2ewsl8vx,,,,,,0
5,l82r9qio,,0,184,183,etfs2,Adios,128.200.135.218,2018-11-20 21:19:27.815337+00:00,1,,,611,5,547.5,0,0,0,0,0,0,0,0,0,0,0,0,0,0,0,0,0,,,,,0,-12,551,0,0,1,20,27.5,47.5,20,10,-1,0,0,2,0,,0,25,10,2ewsl8vx,,,,,,0
6,tahi8fye,,0,184,183,etfs2,Adios,128.200.135.216,2018-11-20 21:19:28.903690+00:00,1,,,440.5,6,542,-200,0,10,20,10,0,0,-10,0,0,20,10,0,0,0,0,0,,,,,0,-16,440.5,-10,0,1,20,27.5,47.5,20,10,-1,0,0,2,0,,0,25,10,2ewsl8vx,,,,,,0
7,8pgfljl9,,0,184,183,etfs2,Adios,128.200.135.209,2018-11-20 21:19:29.811126+00:00,1,,,870.5,7,118,0,0,0,0,0,0,0,0,29,0,0,0,29,28,58,0,0,,,,,0,132,870.5,58,0,1,20,27.5,47.5,20,10,-1,0,0,2,0,,0,25,10,2ewsl8vx,,,,,,0
8,bhjbhlc2,,0,184,183,etfs2,Adios,128.200.135.199,2018-11-20 21:19:32.253212+00:00,1,,,676.5,8,490.5,0,4,0,0,0,0,0,-4,6,0,0,0,0,0,12,0,0,,,,,0,32,586.5,8,0,1,20,27.5,47.5,20,10,-1,0,0,2,0,,0,25,10,2ewsl8vx,,,,,,0
9,etl5at8q,,0,184,183,etfs2,Adios,128.200.135.201,2018-11-20 21:19:40.930516+00:00,1,,,455.5,9,41.5,140,23,-7,0,0,8,20,-16,7,0,0,0,6,30,14,0,0,,,,,0,-10,455.5,-2,0,1,20,27.5,47.5,20,10,-1,0,0,2,0,,0,25,10,2ewsl8vx,,,,,,0
1,fa60giax,,0,184,183,etfs2,Adios,128.200.135.206,2018-11-20 21:19:26.309222+00:00,1,,,586,1,440,0,9,0,10,5,0,0,-9,4,0,12,1,0,0,8,0,0,,,,,0,18,526,-1,0,1,21,25,46,21,9,-1,25,4,2,0,,0,26,11,2ewsl8vx,,,,,,0
2,i3rbxb92,,0,184,183,etfs2,Adios,128.200.135.208,2018-11-20 21:19:26.539802+00:00,1,,,554.5,2,421.75,-205,10,5,50,5,6,50,-15,2,4,25,4,1,50,12,0,0,,,,,0,8,521.5,-3,0,1,21,25,46,21,9,-1,25,4,2,0,,0,26,11,2ewsl8vx,,,,,,0
3,jap3dlok,,0,184,183,etfs2,Adios,128.200.135.212,2018-11-20 21:19:26.866715+00:00,1,,,557,3,300.5,184,9,-4,0,0,4,20,-5,10,-4,0,0,4,25,12,0,0,,,,,0,44,557,7,0,1,21,25,46,21,9,-1,25,4,2,0,,0,26,11,2ewsl8vx,,,,,,0
4,90rav3se,,0,184,183,etfs2,Adios,128.200.135.214,2018-11-20 21:19:27.688082+00:00,1,,,546.5,4,506.25,-84,2,4,21,5,0,0,-6,2,0,0,0,0,0,4,0,0,,,,,0,-15,519.5,-2,0,1,21,25,46,21,9,-1,25,4,2,0,,0,26,11,2ewsl8vx,,,,,,0
5,l82r9qio,,0,184,183,etfs2,Adios,128.200.135.218,2018-11-20 21:19:27.815337+00:00,1,,,611,5,547.5,0,0,0,0,0,0,0,0,0,0,0,0,0,0,0,0,0,,,,,0,-12,551,0,0,1,21,25,46,21,9,-1,25,4,2,0,,0,26,11,2ewsl8vx,,,,,,0
6,tahi8fye,,0,184,183,etfs2,Adios,128.200.135.216,2018-11-20 21:19:28.903690+00:00,1,,,440.5,6,342,0,10,0,15,10,10,25,-10,0,0,15,10,0,0,0,0,0,,,,,0,-26,440.5,-10,0,1,21,25,46,21,9,-1,25,4,2,0,,0,26,11,2ewsl8vx,,,,,,0
7,8pgfljl9,,0,184,183,etfs2,Adios,128.200.135.209,2018-11-20 21:19:29.811126+00:00,1,,,870.5,7,118,0,0,0,0,0,0,0,0,29,0,0,0,29,27,58,0,0,,,,,0,190,870.5,58,0,1,21,25,46,21,9,-1,25,4,2,0,,0,26,11,2ewsl8vx,,,,,,0
8,bhjbhlc2,,0,184,183,etfs2,Adios,128.200.135.199,2018-11-20 21:19:32.253212+00:00,1,,,676.5,8,490.5,0,4,0,20.1,3,0,0,-4,6,0,0,0,0,0,12,0,0,,,,,0,40,586.5,8,0,1,21,25,46,21,9,-1,25,4,2,0,,0,26,11,2ewsl8vx,,,,,,0
9,etl5at8q,,0,184,183,etfs2,Adios,128.200.135.201,2018-11-20 21:19:40.930516+00:00,1,,,455.5,9,181.5,105,16,-5,20,5,5,20,-11,7,0,0,0,6,26,14,0,0,,,,,0,-7,455.5,3,0,1,21,25,46,21,9,-1,25,4,2,0,,0,26,11,2ewsl8vx,,,,,,0
1,fa60giax,,0,184,183,etfs2,Adios,128.200.135.206,2018-11-20 21:19:26.309222+00:00,1,,,586,1,440,0,9,0,15,3,0,0,9,4,0,13,2,0,0,0,0,0,,,,,0,27,526,9,0,1,17.5,24,41.5,17.5,8,1,24,3,0,0,,0,27,12,2ewsl8vx,,,,,,0
2,i3rbxb92,,0,184,183,etfs2,Adios,128.200.135.208,2018-11-20 21:19:26.539802+00:00,1,,,554.5,2,216.75,52.5,15,-3,10,1,3,15,12,6,0,5,1,4,25,0,0,0,,,,,0,20,521.5,12,0,1,17.5,24,41.5,17.5,8,1,24,3,0,0,,0,27,12,2ewsl8vx,,,,,,0
3,jap3dlok,,0,184,183,etfs2,Adios,128.200.135.212,2018-11-20 21:19:26.866715+00:00,1,,,557,3,484.5,0,5,0,0,0,1,25,5,6,0,0,0,0,0,0,0,0,,,,,0,49,557,5,0,1,17.5,24,41.5,17.5,8,1,24,3,0,0,,0,27,12,2ewsl8vx,,,,,,0
4,90rav3se,,0,184,183,etfs2,Adios,128.200.135.214,2018-11-20 21:19:27.688082+00:00,1,,,546.5,4,422.25,-72,6,0,0,0,2,20,6,2,3,27,3,0,0,0,0,0,,,,,0,-9,519.5,6,0,1,17.5,24,41.5,17.5,8,1,24,3,0,0,,0,27,12,2ewsl8vx,,,,,,0
5,l82r9qio,,0,184,183,etfs2,Adios,128.200.135.218,2018-11-20 21:19:27.815337+00:00,1,,,611,5,547.5,0,0,0,0,0,0,0,0,0,0,0,0,0,0,0,0,0,,,,,0,-12,551,0,0,1,17.5,24,41.5,17.5,8,1,24,3,0,0,,0,27,12,2ewsl8vx,,,,,,0
6,tahi8fye,,0,184,183,etfs2,Adios,128.200.135.216,2018-11-20 21:19:28.903690+00:00,1,,,440.5,6,342,0,10,0,15,10,10,21,10,0,0,0,0,0,0,0,0,0,,,,,0,-16,440.5,10,0,1,17.5,24,41.5,17.5,8,1,24,3,0,0,,0,27,12,2ewsl8vx,,,,,,0
7,8pgfljl9,,0,184,183,etfs2,Adios,128.200.135.209,2018-11-20 21:19:29.811126+00:00,1,,,870.5,7,118,72,0,0,0,0,0,0,0,29,-3,0,0,29,24,0,0,0,,,,,0,190,870.5,0,0,1,17.5,24,41.5,17.5,8,1,24,3,0,0,,0,27,12,2ewsl8vx,,,,,,0
8,bhjbhlc2,,0,184,183,etfs2,Adios,128.200.135.199,2018-11-20 21:19:32.253212+00:00,1,,,676.5,8,490.5,0,4,0,0,0,0,0,4,6,0,0,0,2,24.5,0,0,0,,,,,0,44,586.5,4,0,1,17.5,24,41.5,17.5,8,1,24,3,0,0,,0,27,12,2ewsl8vx,,,,,,0
9,etl5at8q,,0,184,183,etfs2,Adios,128.200.135.201,2018-11-20 21:19:40.930516+00:00,1,,,455.5,9,286.5,-52.5,11,3,22,8,5,15,14,7,0,3,25,0,0,0,0,0,,,,,0,7,455.5,14,0,1,17.5,24,41.5,17.5,8,1,24,3,0,0,,0,27,12,2ewsl8vx,,,,,,0
1,fa60giax,,0,184,183,etfs2,Adios,128.200.135.206,2018-11-20 21:19:26.309222+00:00,1,,,586,1,440,0,9,0,15,6,0,0,-9,4,0,0,0,0,0,8,0,0,,,,,0,26,526,-1,0,1,19,20,39,19,9,-1,20,5,2,0,,0,28,13,2ewsl8vx,,,,,,0
2,i3rbxb92,,0,184,183,etfs2,Adios,128.200.135.208,2018-11-20 21:19:26.539802+00:00,1,,,554.5,2,269.25,-60,12,0,15,3,3,25,-12,6,3,25,3,4,50,18,0,0,,,,,0,26,521.5,6,0,1,19,20,39,19,9,-1,20,5,2,0,,0,28,13,2ewsl8vx,,,,,,0
3,jap3dlok,,0,184,183,etfs2,Adios,128.200.135.212,2018-11-20 21:19:26.866715+00:00,1,,,557,3,484.5,0,5,0,0,0,0,0,-5,6,0,0,0,1,23,12,0,0,,,,,0,56,557,7,0,1,19,20,39,19,9,-1,20,5,2,0,,0,28,13,2ewsl8vx,,,,,,0
4,90rav3se,,0,184,183,etfs2,Adios,128.200.135.214,2018-11-20 21:19:27.688082+00:00,1,,,546.5,4,350.25,-19,6,1,19,1,0,0,-7,5,0,0,0,0,0,10,0,0,,,,,0,-6,519.5,3,0,1,19,20,39,19,9,-1,20,5,2,0,,0,28,13,2ewsl8vx,,,,,,0
5,l82r9qio,,0,184,183,etfs2,Adios,128.200.135.218,2018-11-20 21:19:27.815337+00:00,1,,,611,5,547.5,0,0,0,0,0,0,0,0,0,0,0,0,0,0,0,0,0,,,,,0,-12,551,0,0,1,19,20,39,19,9,-1,20,5,2,0,,0,28,13,2ewsl8vx,,,,,,0
6,tahi8fye,,0,184,183,etfs2,Adios,128.200.135.216,2018-11-20 21:19:28.903690+00:00,1,,,440.5,6,342,95,10,-5,10,20,10,19,-5,0,0,10,10,0,0,0,0,0,,,,,0,-21,440.5,-5,0,1,19,20,39,19,9,-1,20,5,2,0,,0,28,13,2ewsl8vx,,,,,,0
7,8pgfljl9,,0,184,183,etfs2,Adios,128.200.135.209,2018-11-20 21:19:29.811126+00:00,1,,,870.5,7,190,0,0,0,0,0,0,0,0,26,0,0,0,26,23,52,0,0,,,,,0,242,870.5,52,0,1,19,20,39,19,9,-1,20,5,2,0,,0,28,13,2ewsl8vx,,,,,,0
8,bhjbhlc2,,0,184,183,etfs2,Adios,128.200.135.199,2018-11-20 21:19:32.253212+00:00,1,,,676.5,8,490.5,0,4,0,0,0,0,0,-4,6,0,0,0,2,22.8,12,0,0,,,,,0,52,586.5,8,0,1,19,20,39,19,9,-1,20,5,2,0,,0,28,13,2ewsl8vx,,,,,,0
9,etl5at8q,,0,184,183,etfs2,Adios,128.200.135.201,2018-11-20 21:19:40.930516+00:00,1,,,455.5,9,234,-16,14,4,20,8,4,15,-18,7,-3,25,2,6,20,8,0,0,,,,,0,-3,455.5,-10,0,1,19,20,39,19,9,-1,20,5,2,0,,0,28,13,2ewsl8vx,,,,,,0
1,fa60giax,,0,184,183,etfs2,Adios,128.200.135.206,2018-11-20 21:19:26.309222+00:00,1,,,586,1,440,-96,9,1,20,10,0,0,-10,4,4,20,5,1,15,16,0,0,,,,,0,32,526,6,0,1,20,19,39,20,9,-1,19,10,2,0,,0,29,14,2ewsl8vx,,,,,,0
2,i3rbxb92,,0,184,183,etfs2,Adios,128.200.135.208,2018-11-20 21:19:26.539802+00:00,1,,,554.5,2,209.25,57,12,0,15,2,6,30,-12,9,-3,10,2,3,15,12,0,0,,,,,0,26,521.5,0,0,1,20,19,39,20,9,-1,19,10,2,0,,0,29,14,2ewsl8vx,,,,,,0
3,jap3dlok,,0,184,183,etfs2,Adios,128.200.135.212,2018-11-20 21:19:26.866715+00:00,1,,,557,3,484.5,136,5,-3,0,0,3,20,-2,6,-4,0,0,4,17,4,0,0,,,,,0,58,557,2,0,1,20,19,39,20,9,-1,19,10,2,0,,0,29,14,2ewsl8vx,,,,,,0
4,90rav3se,,0,184,183,etfs2,Adios,128.200.135.214,2018-11-20 21:19:27.688082+00:00,1,,,546.5,4,331.25,-57,7,0,0,0,0,0,-7,5,3,23,3,0,0,16,0,0,,,,,0,3,519.5,9,0,1,20,19,39,20,9,-1,19,10,2,0,,0,29,14,2ewsl8vx,,,,,,0
5,l82r9qio,,0,184,183,etfs2,Adios,128.200.135.218,2018-11-20 21:19:27.815337+00:00,1,,,611,5,547.5,0,0,0,0,0,0,0,0,0,0,0,0,0,0,0,0,0,,,,,0,-12,551,0,0,1,20,19,39,20,9,-1,19,10,2,0,,0,29,14,2ewsl8vx,,,,,,0
6,tahi8fye,,0,184,183,etfs2,Adios,128.200.135.216,2018-11-20 21:19:28.903690+00:00,1,,,440.5,6,437,100,5,-5,10,29,5,19,0,0,0,12,10,0,0,0,0,0,,,,,0,-21,440.5,0,0,1,20,19,39,20,9,-1,19,10,2,0,,0,29,14,2ewsl8vx,,,,,,0
7,8pgfljl9,,0,184,183,etfs2,Adios,128.200.135.209,2018-11-20 21:19:29.811126+00:00,1,,,870.5,7,190,38,0,0,0,0,0,0,0,26,-2,0,0,26,19,48,0,0,,,,,0,290,870.5,48,0,1,20,19,39,20,9,-1,19,10,2,0,,0,29,14,2ewsl8vx,,,,,,0
8,bhjbhlc2,,0,184,183,etfs2,Adios,128.200.135.199,2018-11-20 21:19:32.253212+00:00,1,,,676.5,8,490.5,20,4,-1,20,0,1,17.8,-3,6,0,30,0,1,22,12,0,0,,,,,0,61,586.5,9,0,1,20,19,39,20,9,-1,19,10,2,0,,0,29,14,2ewsl8vx,,,,,,0
9,etl5at8q,,0,184,183,etfs2,Adios,128.200.135.201,2018-11-20 21:19:40.930516+00:00,1,,,455.5,9,218,-198,18,8,20,8,0,0,-26,4,2,25,2,0,0,12,0,0,,,,,0,-17,455.5,-14,0,1,20,19,39,20,9,-1,19,10,2,0,,0,29,14,2ewsl8vx,,,,,,0
1,fa60giax,,0,184,183,etfs2,Adios,128.200.135.206,2018-11-20 21:19:26.309222+00:00,1,,,586,1,344,-130,10,0,15,8,0,0,10,8,10,20,10,2,15,0,0,0,,,,,0,536,526,504,0,1,20,13,33,0,0,1,13,10,0,0,,0,30,15,2ewsl8vx,,,,,,0
2,i3rbxb92,,0,184,183,etfs2,Adios,128.200.135.208,2018-11-20 21:19:26.539802+00:00,1,,,554.5,2,266.25,0,12,0,15,6,6,25,12,6,0,10,9,3,30,0,0,0,,,,,0,484.3,521.5,458.3,0,1,20,13,33,0,0,1,13,10,0,0,,0,30,15,2ewsl8vx,,,,,,0
3,jap3dlok,,0,184,183,etfs2,Adios,128.200.135.212,2018-11-20 21:19:26.866715+00:00,1,,,557,3,620.5,0,2,0,0,0,2,18.75,2,2,0,0,0,2,17,0,0,0,,,,,0,720.5,557,662.5,0,1,20,13,33,0,0,1,13,10,0,0,,0,30,15,2ewsl8vx,,,,,,0
4,90rav3se,,0,184,183,etfs2,Adios,128.200.135.214,2018-11-20 21:19:27.688082+00:00,1,,,546.5,4,274.25,0,7,0,0,0,5,18.5,7,8,0,0,0,6,17,0,0,0,,,,,0,434.3,519.5,431.3,0,1,20,13,33,0,0,1,13,10,0,0,,0,30,15,2ewsl8vx,,,,,,0
5,l82r9qio,,0,184,183,etfs2,Adios,128.200.135.218,2018-11-20 21:19:27.815337+00:00,1,,,611,5,547.5,0,0,0,0,0,0,0,0,0,0,0,0,0,0,0,0,0,,,,,0,535.5,551,547.5,0,1,20,13,33,0,0,1,13,10,0,0,,0,30,15,2ewsl8vx,,,,,,0
6,tahi8fye,,0,184,183,etfs2,Adios,128.200.135.216,2018-11-20 21:19:28.903690+00:00,1,,,440.5,6,537,0,0,0,10,25,0,0,0,0,0,10,25,0,0,0,0,0,,,,,0,516,440.5,537,0,1,20,13,33,0,0,1,13,10,0,0,,0,30,15,2ewsl8vx,,,,,,0
7,8pgfljl9,,0,184,183,etfs2,Adios,128.200.135.209,2018-11-20 21:19:29.811126+00:00,1,,,870.5,7,228,130,0,0,0,0,0,0,0,24,-10,0,0,24,13,0,0,0,,,,,0,788,870.5,498,0,1,20,13,33,0,0,1,13,10,0,0,,0,30,15,2ewsl8vx,,,,,,0
8,bhjbhlc2,,0,184,183,etfs2,Adios,128.200.135.199,2018-11-20 21:19:32.253212+00:00,1,,,676.5,8,510.5,0,3,0,40,0,1,20,3,6,0,40,0,2,20,0,0,0,,,,,0,664.5,586.5,603.5,0,1,20,13,33,0,0,1,13,10,0,0,,0,30,15,2ewsl8vx,,,,,,0
9,etl5at8q,,0,184,183,etfs2,Adios,128.200.135.201,2018-11-20 21:19:40.930516+00:00,1,,,455.5,9,20,0,26,0,0,0,6,25,26,6,0,0,0,5,25,0,0,0,,,,,0,349,455.5,366,0,1,20,13,33,0,0,1,13,10,0,0,,0,30,15,2ewsl8vx,,,,,,0